blax,blay,blaz,trax,tray,traz,ms
-9.368511,0.09098,-0.158017,10.359711,-0.124498,1.292869,3988113
-9.270349,0.110133,-0.191536,10.405201,-0.086191,1.252167,3988120
-9.296685,0.095768,-0.129287,10.352529,-0.112527,1.252167,3988126
-9.325416,0.069432,-0.057461,10.390836,-0.107739,1.252167,3988132
-9.330204,0.095768,-0.186748,10.412383,-0.131681,1.235408,3988139
-9.28232,0.138864,-0.160412,10.376471,-0.162806,1.271321,3988146
-9.267955,0.114922,-0.158017,10.445902,-0.1652,1.237802,3988152
-9.318233,0.09098,-0.232238,10.359711,-0.105345,1.254562,3988158
-9.318233,0.081403,-0.189142,10.407595,-0.117316,1.225831,3988165
-9.315839,0.169988,-0.201113,10.366894,-0.131681,1.201889,3988171
-9.320627,0.134075,-0.158017,10.371682,-0.138864,1.307234,3988178
-9.320627,0.112527,-0.191536,10.417171,-0.129287,1.295263,3988184
-9.287108,0.050278,-0.117316,10.364499,-0.112527,1.309628,3988190
-9.356541,0.105345,-0.141258,10.424355,-0.07422,1.249773,3988197
-9.315839,0.071826,-0.196325,10.369287,-0.141258,1.192312,3988203
-9.294291,0.09098,-0.067038,10.429143,-0.184354,1.266533,3988210
-9.287108,0.076614,-0.217872,10.417171,-0.131681,1.163582,3988216
-9.270349,0.114922,-0.215478,10.400413,-0.122104,1.206678,3988223
-9.267955,0.136469,-0.19393,10.402806,-0.126893,1.261744,3988229
-9.26556,0.129287,-0.225055,10.436325,-0.062249,1.288081,3988236
-9.296685,0.148441,-0.11971,10.376471,-0.035913,1.323994,3988242
-9.330204,0.136469,-0.138864,10.448297,-0.122104,1.209072,3988248
-9.351752,0.083797,-0.174777,10.412383,-0.086191,1.21386,3988255
-9.315839,0.081403,-0.177171,10.383653,-0.105345,1.204283,3988261
-9.248801,0.081403,-0.129287,10.378864,-0.158017,1.247379,3988267
-9.339781,0.11971,-0.205901,10.412383,-0.131681,1.283292,3988274
-9.306262,0.134075,-0.160412,10.345345,-0.126893,1.223437,3988280
-9.284714,0.122104,-0.179565,10.386047,-0.112527,1.268927,3988287
-9.354146,0.172383,-0.081403,10.400413,-0.150835,1.209072,3988293
-9.323022,0.055067,-0.126893,10.390836,-0.122104,1.271321,3988300
-9.349358,0.136469,-0.208296,10.400413,-0.079009,1.132457,3988306
-9.337387,0.131681,-0.225055,10.424355,-0.093374,1.182736,3988313
-9.342175,0.143652,-0.11971,10.395624,-0.146046,1.223437,3988319
-9.318233,0.117316,-0.174777,10.400413,-0.131681,1.307234,3988326
-9.267955,0.148441,-0.217872,10.364499,-0.122104,1.228225,3988332
-9.255983,0.167594,-0.277727,10.462662,-0.112527,1.252167,3988338
-9.306262,0.102951,-0.069432,10.381259,-0.11971,1.21386,3988345
-9.308656,0.129287,-0.11971,10.407595,-0.083797,1.187524,3988351
-9.361329,0.098162,-0.079009,10.491392,-0.043096,1.316811,3988358
-9.358934,0.134075,-0.174777,10.352529,-0.117316,1.252167,3988364
-9.303867,0.07422,-0.102951,10.402806,-0.155623,1.122881,3988370
-9.301474,0.150835,-0.172383,10.354922,-0.102951,1.266533,3988377
-9.306262,0.100556,-0.229843,10.405201,-0.11971,1.192312,3988383
-9.325416,0.107739,-0.198719,10.448297,-0.143652,1.254562,3988390
-9.323022,0.07422,-0.136469,10.405201,-0.086191,1.256956,3988396
-9.260772,0.117316,-0.169988,10.426748,-0.150835,1.254562,3988403
-9.23683,0.114922,-0.143652,10.393229,-0.117316,1.316811,3988409
-9.287108,0.107739,-0.191536,10.412383,-0.148441,1.252167,3988416
-9.325416,0.100556,-0.241814,10.369287,-0.112527,1.268927,3988422
-9.320627,0.064643,-0.143652,10.316615,-0.098162,1.218649,3988428
-9.284714,0.124498,-0.208296,10.352529,-0.098162,1.218649,3988435
-9.332599,0.184354,-0.160412,10.386047,-0.059855,1.204283,3988441
-9.306262,0.062249,-0.138864,10.362105,-0.098162,1.235408,3988448
-9.306262,0.076614,-0.179565,10.376471,-0.148441,1.252167,3988454
-9.272743,0.102951,-0.098162,10.386047,-0.07422,1.199495,3988460
-9.287108,0.167594,-0.186748,10.402806,-0.081403,1.244985,3988467
-9.277532,0.126893,-0.122104,10.407595,-0.110133,1.240196,3988473
-9.346964,0.083797,-0.177171,10.433931,-0.086191,1.211466,3988480
-9.303867,0.102951,-0.158017,10.448297,-0.122104,1.297657,3988486
-9.339781,0.110133,-0.225055,10.386047,-0.138864,1.316811,3988492
-9.246407,0.105345,-0.208296,10.364499,-0.126893,1.187524,3988499
-9.308656,0.112527,-0.244209,10.398018,-0.107739,1.216254,3988506
-9.279925,0.088585,-0.289698,10.352529,-0.129287,1.316811,3988512
-9.325416,0.11971,-0.102951,10.388441,-0.134075,1.247379,3988519
-9.334992,0.11971,-0.105345,10.371682,-0.09098,1.278504,3988525
-9.323022,0.055067,-0.1652,10.42196,-0.114922,1.223437,3988531
-9.363723,0.11971,-0.225055,10.326192,-0.11971,1.295263,3988538
-9.380483,0.098162,-0.201113,10.333375,-0.112527,1.314417,3988544
-9.275137,0.107739,-0.19393,10.412383,-0.098162,1.278504,3988551
-9.272743,0.09098,-0.131681,10.424355,-0.095768,1.192312,3988557
-9.306262,0.069432,-0.136469,10.33098,-0.146046,1.266533,3988564
-9.289502,0.148441,-0.189142,10.395624,-0.138864,1.228225,3988570
-9.299079,0.129287,-0.201113,10.453085,-0.088585,1.223437,3988576
-9.318233,0.062249,-0.201113,10.350134,-0.098162,1.252167,3988583
-9.291897,0.11971,-0.155623,10.395624,-0.11971,1.300052,3988589
-9.32781,0.134075,-0.105345,10.405201,-0.155623,1.225831,3988596
-9.296685,0.143652,-0.294487,10.371682,-0.052672,1.254562,3988602
-9.306262,0.141258,-0.172383,10.429143,-0.105345,1.240196,3988609
-9.351752,0.143652,-0.143652,10.369287,-0.102951,1.161188,3988615
-9.363723,0.174777,-0.158017,10.359711,-0.102951,1.285686,3988621
-9.23683,0.050278,-0.117316,10.402806,-0.055067,1.328782,3988628
-9.277532,0.153229,-0.186748,10.390836,-0.129287,1.302446,3988634
-9.323022,0.158017,-0.268151,10.383653,-0.100556,1.249773,3988640
-9.301474,0.093374,-0.282516,10.407595,-0.086191,1.149217,3988647
-9.26556,0.112527,-0.189142,10.402806,-0.131681,1.244985,3988653
-9.346964,0.126893,-0.232238,10.383653,-0.112527,1.216254,3988660
-9.349358,0.069432,-0.213084,10.448297,-0.114922,1.209072,3988666
-9.303867,0.067038,-0.117316,10.481815,-0.083797,1.268927,3988673
-9.325416,0.114922,-0.186748,10.417171,-0.081403,1.173159,3988679
-9.26556,0.138864,-0.213084,10.426748,-0.158017,1.316811,3988685
-9.284714,0.177171,-0.251391,10.388441,-0.098162,1.285686,3988692
-9.267955,0.138864,-0.141258,10.496181,-0.141258,1.228225,3988698
-9.344569,0.047884,-0.086191,10.388441,-0.100556,1.233014,3988706
-9.318233,0.162806,-0.138864,10.393229,-0.069432,1.199495,3988713
-9.294291,0.117316,-0.277727,10.429143,-0.112527,1.297657,3988719
-9.323022,0.105345,-0.169988,10.357317,-0.136469,1.204283,3988725
-9.258378,0.117316,-0.179565,10.31901,-0.088585,1.240196,3988732
-9.198523,0.160412,-0.172383,10.474632,-0.155623,1.247379,3988738
-9.31105,0.064643,-0.191536,10.43872,-0.107739,1.252167,3988744
-9.270349,0.134075,-0.186748,10.419566,-0.148441,1.118092,3988751
-9.342175,0.09098,-0.143652,10.398018,-0.114922,1.201889,3988757
-9.339781,0.153229,-0.081403,10.383653,-0.114922,1.271321,3988764
-9.320627,0.169988,-0.112527,10.388441,-0.189142,1.288081,3988770
-9.294291,0.122104,-0.098162,10.405201,-0.167594,1.209072,3988776
-9.291897,0.081403,-0.215478,10.402806,-0.11971,1.290475,3988783
-9.277532,0.129287,-0.177171,10.42196,-0.093374,1.276109,3988789
-9.277532,0.141258,-0.158017,10.371682,-0.124498,1.218649,3988795
-9.260772,0.105345,-0.114922,10.398018,-0.141258,1.271321,3988802
-9.337387,0.117316,-0.141258,10.362105,-0.11971,1.338359,3988809
-9.28232,0.122104,-0.19393,10.345345,-0.112527,1.233014,3988815
-9.222465,0.117316,-0.251391,10.366894,-0.069432,1.254562,3988822
-9.318233,0.112527,-0.126893,10.42196,-0.079009,1.326388,3988828
-9.287108,0.181959,-0.208296,10.42196,-0.148441,1.268927,3988835
-9.334992,0.098162,-0.105345,10.441113,-0.093374,1.252167,3988841
-9.323022,0.177171,-0.205901,10.366894,-0.050278,1.165976,3988847
-9.308656,0.081403,-0.251391,10.402806,-0.057461,1.23062,3988854
-9.270349,0.131681,-0.177171,10.374076,-0.069432,1.223437,3988860
-9.303867,0.105345,-0.201113,10.441113,-0.07422,1.218649,3988867
-9.31105,0.110133,-0.174777,10.374076,-0.086191,1.376666,3988873
-9.346964,0.062249,-0.138864,10.383653,-0.095768,1.180341,3988879
-9.318233,0.143652,-0.124498,10.412383,-0.088585,1.209072,3988886
-9.32781,0.138864,-0.131681,10.407595,-0.093374,1.268927,3988892
-9.287108,0.062249,-0.172383,10.371682,-0.155623,1.321599,3988899
-9.284714,0.1652,-0.138864,10.383653,-0.064643,1.312023,3988905
-9.339781,0.107739,-0.213084,10.366894,-0.117316,1.18513,3988912
-9.354146,0.112527,-0.208296,10.395624,-0.098162,1.199495,3988919
-9.361329,0.107739,-0.213084,10.393229,-0.088585,1.33357,3988925
-9.31105,0.069432,-0.098162,10.409989,-0.112527,1.165976,3988932
-9.270349,0.134075,-0.122104,10.366894,-0.114922,1.300052,3988938
-9.344569,0.079009,-0.177171,10.393229,-0.141258,1.206678,3988944
-9.354146,0.134075,-0.229843,10.364499,-0.177171,1.21386,3988951
-9.287108,0.129287,-0.143652,10.386047,-0.09098,1.182736,3988957
-9.315839,0.079009,-0.19393,10.445902,-0.129287,1.223437,3988964
-9.342175,0.07422,-0.122104,10.414778,-0.117316,1.247379,3988970
-9.284714,0.191536,-0.114922,10.395624,-0.146046,1.25935,3988976
-9.306262,0.124498,-0.155623,10.333375,-0.086191,1.249773,3988983
-9.301474,0.100556,-0.287304,10.393229,-0.079009,1.151611,3988989
-9.342175,0.184354,-0.129287,10.369287,-0.131681,1.30484,3988996
-9.308656,0.105345,-0.191536,10.436325,-0.112527,1.278504,3989002
-9.299079,0.146046,-0.153229,10.345345,-0.11971,1.247379,3989008
-9.289502,0.071826,-0.220267,10.426748,-0.093374,1.206678,3989016
-9.287108,0.153229,-0.244209,10.357317,-0.107739,1.189918,3989022
-9.277532,0.098162,-0.11971,10.424355,-0.102951,1.326388,3989029
-9.320627,0.079009,-0.126893,10.42196,-0.093374,1.25935,3989035
-9.339781,0.155623,-0.129287,10.43872,-0.093374,1.292869,3989041
-9.349358,0.160412,-0.158017,10.386047,-0.088585,1.225831,3989048
-9.313444,0.143652,-0.184354,10.457873,-0.148441,1.180341,3989054
-9.277532,0.105345,-0.196325,10.374076,-0.114922,1.209072,3989061
-9.291897,0.09098,-0.160412,10.395624,-0.09098,1.357512,3989067
-9.306262,0.076614,-0.100556,10.362105,-0.112527,1.264138,3989073
-9.296685,0.098162,-0.158017,10.417171,-0.088585,1.280898,3989080
-9.308656,0.114922,-0.234632,10.335769,-0.136469,1.204283,3989086
-9.241618,0.138864,-0.201113,10.364499,-0.160412,1.242591,3989093
-9.277532,0.153229,-0.270545,10.388441,-0.136469,1.278504,3989099
-9.382876,0.117316,-0.174777,10.448297,-0.136469,1.233014,3989105
-9.32781,0.100556,-0.19393,10.381259,-0.043096,1.288081,3989112
-9.394848,0.148441,-0.280122,10.46745,-0.076614,1.240196,3989118
-9.308656,0.071826,-0.265756,10.364499,-0.110133,1.21386,3989125
-9.301474,0.129287,-0.124498,10.362105,-0.138864,1.338359,3989131
-9.318233,0.141258,-0.07422,10.443508,-0.124498,1.367089,3989138
-9.291897,0.086191,-0.110133,10.412383,-0.093374,1.285686,3989144
-9.330204,0.122104,-0.215478,10.465055,-0.122104,1.316811,3989150
-9.272743,0.112527,-0.220267,10.42196,-0.138864,1.204283,3989157
-9.315839,0.021548,-0.191536,10.462662,-0.129287,1.201889,3989164
-9.346964,0.112527,-0.122104,10.390836,-0.069432,1.256956,3989170
-9.287108,0.086191,-0.129287,10.433931,-0.105345,1.187524,3989176
-9.246407,0.146046,-0.217872,10.414778,-0.153229,1.247379,3989183
-9.334992,0.117316,-0.148441,10.350134,-0.131681,1.228225,3989189
-9.306262,0.160412,-0.083797,10.405201,-0.122104,1.192312,3989196
-9.303867,0.126893,-0.146046,10.436325,-0.150835,1.285686,3989202
-9.31105,0.1652,-0.222661,10.433931,-0.081403,1.252167,3989208
-9.289502,0.129287,-0.181959,10.424355,-0.124498,1.225831,3989215
-9.3733,0.098162,-0.217872,10.364499,-0.057461,1.316811,3989221
-9.344569,0.098162,-0.237026,10.43872,-0.107739,1.292869,3989228
-9.344569,0.122104,-0.205901,10.429143,-0.160412,1.280898,3989234
-9.32781,0.160412,-0.158017,10.436325,-0.102951,1.256956,3989241
-9.301474,0.134075,-0.138864,10.369287,-0.110133,1.242591,3989247
-9.315839,0.110133,-0.234632,10.28549,-0.098162,1.194707,3989254
-9.32781,0.107739,-0.181959,10.354922,-0.114922,1.187524,3989260
-9.31105,0.134075,-0.181959,10.398018,-0.114922,1.156399,3989266
-9.303867,0.117316,-0.117316,10.407595,-0.131681,1.307234,3989273
-9.279925,0.153229,-0.181959,10.383653,-0.196325,1.242591,3989279
-9.272743,0.11971,-0.150835,10.395624,-0.105345,1.240196,3989286
-9.296685,0.09098,-0.162806,10.409989,-0.081403,1.326388,3989292
-9.258378,0.126893,-0.208296,10.400413,-0.107739,1.343147,3989298
-9.31105,0.083797,-0.181959,10.405201,-0.107739,1.197101,3989305
-9.287108,0.129287,-0.162806,10.340557,-0.136469,1.244985,3989311
-9.320627,0.122104,-0.186748,10.340557,-0.150835,1.280898,3989318
-9.263166,0.057461,-0.174777,10.371682,-0.143652,1.21386,3989324
-9.279925,0.088585,-0.155623,10.417171,-0.174777,1.280898,3989331
-9.344569,0.11971,-0.217872,10.431537,-0.09098,1.189918,3989337
-9.299079,0.100556,-0.131681,10.443508,-0.098162,1.328782,3989344
-9.390059,0.059855,-0.09098,10.388441,-0.081403,1.256956,3989350
-9.299079,0.134075,-0.189142,10.374076,-0.105345,1.266533,3989357
-9.308656,0.088585,-0.275333,10.354922,-0.079009,1.309628,3989363
-9.318233,0.141258,-0.25618,10.419566,-0.102951,1.278504,3989369
-9.308656,0.09098,-0.294487,10.378864,-0.107739,1.228225,3989376
-9.291897,0.141258,-0.114922,10.43872,-0.07422,1.249773,3989382
-9.258378,0.148441,-0.220267,10.417171,-0.112527,1.21386,3989389
-9.330204,0.160412,-0.177171,10.328587,-0.141258,1.221043,3989395
-9.320627,0.11971,-0.174777,10.393229,-0.102951,1.252167,3989402
-9.301474,0.196325,-0.201113,10.500969,-0.124498,1.218649,3989408
-9.299079,0.138864,-0.126893,10.374076,-0.126893,1.278504,3989414
-9.270349,0.129287,-0.158017,10.436325,-0.095768,1.249773,3989421
-9.306262,0.062249,-0.136469,10.381259,-0.102951,1.338359,3989427
-9.351752,0.124498,-0.141258,10.400413,-0.162806,1.23062,3989434
-9.323022,0.102951,-0.117316,10.354922,-0.079009,1.312023,3989440
-9.330204,0.105345,-0.189142,10.419566,-0.138864,1.233014,3989447
-9.339781,0.100556,-0.215478,10.405201,-0.050278,1.247379,3989453
-9.296685,0.155623,-0.169988,10.350134,-0.143652,1.312023,3989459
-9.294291,0.153229,-0.143652,10.409989,-0.124498,1.240196,3989466
-9.332599,0.093374,-0.181959,10.412383,-0.122104,1.206678,3989472
-9.342175,0.158017,-0.172383,10.405201,-0.071826,1.218649,3989478
-9.31105,0.138864,-0.184354,10.424355,-0.114922,1.223437,3989485
-9.277532,0.122104,-0.177171,10.405201,-0.11971,1.300052,3989491
-9.32781,0.148441,-0.093374,10.417171,-0.083797,1.206678,3989498
-9.315839,0.134075,-0.134075,10.378864,-0.148441,1.273715,3989504
-9.284714,0.095768,-0.086191,10.445902,-0.069432,1.187524,3989510
-9.291897,0.129287,-0.174777,10.448297,-0.148441,1.323994,3989517
-9.409213,0.095768,-0.191536,10.42196,-0.136469,1.206678,3989523
-9.318233,0.131681,-0.160412,10.429143,-0.129287,1.249773,3989530
-9.339781,0.117316,-0.141258,10.388441,-0.067038,1.244985,3989536
-9.294291,0.146046,-0.203507,10.371682,-0.09098,1.268927,3989543
-9.294291,0.129287,-0.146046,10.395624,-0.131681,1.254562,3989549
-9.363723,0.117316,-0.203507,10.409989,-0.141258,1.33357,3989556
-9.301474,0.093374,-0.1652,10.453085,-0.146046,1.244985,3989562
-9.346964,0.129287,-0.241814,10.460267,-0.100556,1.223437,3989568
-9.289502,0.107739,-0.217872,10.405201,-0.158017,1.16837,3989575
-9.291897,0.122104,-0.234632,10.378864,-0.138864,1.30484,3989581
-9.306262,0.110133,-0.181959,10.395624,-0.124498,1.228225,3989588
-9.26556,0.093374,-0.162806,10.350134,-0.136469,1.312023,3989594
-9.351752,0.124498,-0.174777,10.409989,-0.098162,1.209072,3989600
-9.339781,0.114922,-0.1652,10.371682,-0.064643,1.170765,3989607
-9.363723,0.117316,-0.201113,10.381259,-0.086191,1.201889,3989613
-9.284714,0.138864,-0.124498,10.45069,-0.117316,1.242591,3989619
-9.287108,0.105345,-0.181959,10.359711,-0.117316,1.244985,3989626
-9.303867,0.160412,-0.205901,10.433931,-0.110133,1.285686,3989632
-9.318233,0.1652,-0.177171,10.419566,-0.129287,1.343147,3989639
-9.284714,0.138864,-0.129287,10.42196,-0.09098,1.268927,3989645
-9.299079,0.079009,-0.244209,10.407595,-0.126893,1.235408,3989652
-9.303867,0.169988,-0.181959,10.376471,-0.122104,1.240196,3989658
-9.315839,0.146046,-0.167594,10.402806,-0.174777,1.276109,3989664
-9.313444,0.112527,-0.150835,10.460267,-0.100556,1.30484,3989671
-9.342175,0.076614,-0.177171,10.371682,-0.124498,1.23062,3989677
-9.330204,0.146046,-0.191536,10.402806,-0.143652,1.297657,3989684
-9.320627,0.076614,-0.191536,10.398018,-0.117316,1.221043,3989690
-9.301474,0.110133,-0.095768,10.400413,-0.098162,1.266533,3989696
-9.349358,0.155623,-0.150835,10.417171,-0.124498,1.309628,3989703
-9.330204,0.129287,-0.229843,10.352529,-0.153229,1.266533,3989709
-9.267955,0.136469,-0.203507,10.381259,-0.129287,1.280898,3989716
-9.303867,0.100556,-0.251391,10.366894,-0.124498,1.177947,3989722
-9.306262,0.124498,-0.205901,10.371682,-0.071826,1.235408,3989728
-9.289502,0.131681,-0.25618,10.393229,-0.064643,1.283292,3989735
-9.296685,0.079009,-0.225055,10.431537,-0.110133,1.30484,3989742
-9.284714,0.081403,-0.143652,10.374076,-0.071826,1.276109,3989748
-9.339781,0.083797,-0.229843,10.445902,-0.131681,1.295263,3989754
-9.31105,0.098162,-0.174777,10.390836,-0.124498,1.249773,3989761
-9.323022,0.107739,-0.155623,10.390836,-0.110133,1.247379,3989767
-9.31105,0.126893,-0.102951,10.429143,-0.079009,1.307234,3989774
-9.299079,0.122104,-0.215478,10.402806,-0.11971,1.268927,3989780
-9.346964,0.102951,-0.203507,10.407595,-0.124498,1.273715,3989786
-9.263166,0.160412,-0.225055,10.395624,-0.124498,1.307234,3989793
-9.330204,0.134075,-0.225055,10.443508,-0.105345,1.297657,3989799
-9.308656,0.131681,-0.177171,10.386047,-0.064643,1.290475,3989805
-9.330204,0.146046,-0.222661,10.366894,-0.079009,1.244985,3989812
-9.279925,0.143652,-0.229843,10.352529,-0.057461,1.228225,3989818
-9.370906,0.079009,-0.186748,10.395624,-0.110133,1.321599,3989825
-9.287108,0.064643,-0.143652,10.42196,-0.035913,1.273715,3989831
-9.303867,0.124498,-0.158017,10.390836,-0.184354,1.292869,3989837
-9.287108,0.124498,-0.114922,10.424355,-0.093374,1.247379,3989844
-9.325416,0.136469,-0.272939,10.378864,-0.081403,1.256956,3989850
-9.25359,0.122104,-0.196325,10.400413,-0.09098,1.254562,3989857
-9.315839,0.134075,-0.179565,10.405201,-0.155623,1.290475,3989863
-9.315839,0.122104,-0.102951,10.448297,-0.105345,1.280898,3989870
-9.301474,0.131681,-0.09098,10.431537,-0.136469,1.323994,3989876
-9.313444,0.083797,-0.181959,10.364499,-0.095768,1.25935,3989882
-9.323022,0.143652,-0.172383,10.469844,-0.131681,1.347936,3989889
-9.270349,0.088585,-0.1652,10.395624,-0.095768,1.30484,3989895
-9.296685,0.122104,-0.126893,10.376471,-0.148441,1.192312,3989902
-9.323022,0.124498,-0.117316,10.326192,-0.158017,1.302446,3989908
-9.32781,0.107739,-0.174777,10.424355,-0.114922,1.295263,3989914
-9.351752,0.196325,-0.179565,10.429143,-0.136469,1.23062,3989921
-9.308656,0.107739,-0.227449,10.371682,-0.079009,1.240196,3989927
-9.349358,0.138864,-0.136469,10.407595,-0.110133,1.192312,3989934
-9.291897,0.095768,-0.184354,10.390836,-0.131681,1.266533,3989940
-9.315839,0.09098,-0.129287,10.393229,-0.138864,1.216254,3989947
-9.308656,0.02873,-0.155623,10.436325,-0.153229,1.242591,3989953
-9.363723,0.083797,-0.217872,10.364499,-0.143652,1.125275,3989959
-9.325416,0.134075,-0.196325,10.407595,-0.098162,1.182736,3989966
-9.263166,0.131681,-0.146046,10.354922,-0.158017,1.254562,3989972
-9.28232,0.105345,-0.057461,10.374076,-0.102951,1.261744,3989979
-9.344569,0.093374,-0.208296,10.412383,-0.129287,1.244985,3989985
-9.246407,0.124498,-0.208296,10.395624,-0.122104,1.192312,3989991
-9.318233,0.122104,-0.1652,10.378864,-0.126893,1.321599,3989998
-9.308656,0.110133,-0.146046,10.448297,-0.105345,1.256956,3990004
-9.332599,0.184354,-0.263362,10.371682,-0.102951,1.280898,3990010
-9.330204,0.160412,-0.222661,10.441113,-0.09098,1.278504,3990017
-9.346964,0.093374,-0.179565,10.34774,-0.134075,1.223437,3990023
-9.325416,0.160412,-0.105345,10.419566,-0.105345,1.249773,3990030
-9.291897,0.102951,-0.215478,10.405201,-0.131681,1.233014,3990036
-9.323022,0.043096,-0.122104,10.45069,-0.129287,1.335965,3990043
-9.31105,0.122104,-0.189142,10.398018,-0.112527,1.290475,3990049
-9.344569,0.181959,-0.1652,10.371682,-0.112527,1.283292,3990055
-9.31105,0.112527,-0.160412,10.400413,-0.062249,1.216254,3990062
-9.31105,0.064643,-0.11971,10.453085,-0.134075,1.182736,3990068
-9.251195,0.172383,-0.11971,10.366894,-0.114922,1.295263,3990075
-9.31105,0.110133,-0.160412,10.417171,-0.079009,1.309628,3990081
-9.28232,0.079009,-0.184354,10.326192,-0.143652,1.228225,3990087
-9.32781,0.141258,-0.234632,10.383653,-0.095768,1.244985,3990094
-9.258378,0.079009,-0.129287,10.443508,-0.131681,1.283292,3990100
-9.330204,0.093374,-0.201113,10.369287,-0.169988,1.256956,3990107
-9.299079,0.11971,-0.201113,10.45069,-0.095768,1.242591,3990113
-9.299079,0.143652,-0.110133,10.381259,-0.122104,1.297657,3990119
-9.291897,0.126893,-0.213084,10.366894,-0.069432,1.201889,3990126
-9.270349,0.043096,-0.263362,10.395624,-0.11971,1.158794,3990132
-9.318233,0.143652,-0.246603,10.366894,-0.059855,1.240196,3990139
-9.320627,0.067038,-0.1652,10.371682,-0.083797,1.23062,3990145
-9.318233,0.07422,-0.131681,10.405201,-0.064643,1.331176,3990152
-9.318233,0.126893,-0.153229,10.405201,-0.098162,1.237802,3990158
-9.277532,0.059855,-0.265756,10.386047,-0.138864,1.319205,3990165
-9.303867,0.07422,-0.198719,10.426748,-0.134075,1.273715,3990171
-9.323022,0.105345,-0.095768,10.405201,-0.129287,1.335965,3990177
-9.32781,0.126893,-0.220267,10.366894,-0.136469,1.244985,3990184
-9.330204,0.098162,-0.112527,10.441113,-0.110133,1.256956,3990190
-9.32781,0.081403,-0.100556,10.357317,-0.107739,1.197101,3990197
-9.303867,0.11971,-0.208296,10.402806,-0.117316,1.316811,3990203
-9.31105,0.138864,-0.143652,10.460267,-0.148441,1.30484,3990209
-9.294291,0.098162,-0.114922,10.407595,-0.201113,1.235408,3990216
-9.220071,0.110133,-0.189142,10.443508,-0.110133,1.244985,3990222
-9.306262,0.167594,-0.23942,10.402806,-0.138864,1.211466,3990228
-9.315839,0.169988,-0.213084,10.388441,-0.181959,1.290475,3990235
-9.287108,0.162806,-0.208296,10.390836,-0.04549,1.278504,3990241
-9.325416,0.107739,-0.134075,10.412383,-0.114922,1.292869,3990248
-9.320627,0.098162,-0.148441,10.46745,-0.162806,1.192312,3990254
-9.337387,0.088585,-0.114922,10.374076,-0.136469,1.187524,3990261
-9.287108,0.122104,-0.260968,10.443508,-0.107739,1.235408,3990267
-9.31105,0.098162,-0.136469,10.395624,-0.160412,1.307234,3990273
-9.267955,0.134075,-0.21069,10.426748,-0.167594,1.25935,3990280
-9.344569,0.067038,-0.100556,10.45069,-0.076614,1.345541,3990286
-9.258378,0.095768,-0.172383,10.371682,-0.105345,1.273715,3990293
-9.299079,0.189142,-0.232238,10.393229,-0.122104,1.199495,3990299
-9.31105,0.153229,-0.148441,10.34774,-0.050278,1.266533,3990305
-9.287108,0.098162,-0.124498,10.388441,-0.098162,1.201889,3990312
-9.323022,0.07422,-0.146046,10.431537,-0.105345,1.292869,3990318
-9.334992,0.093374,-0.177171,10.366894,-0.126893,1.273715,3990325
-9.291897,0.129287,-0.189142,10.395624,-0.160412,1.244985,3990331
-9.342175,0.126893,-0.234632,10.364499,-0.081403,1.247379,3990337
-9.318233,0.143652,-0.260968,10.359711,-0.107739,1.261744,3990344
-9.246407,0.105345,-0.110133,10.431537,-0.131681,1.240196,3990350
-9.306262,0.124498,-0.138864,10.354922,-0.114922,1.283292,3990357
-9.296685,0.110133,-0.160412,10.445902,-0.153229,1.247379,3990363
-9.32781,0.146046,-0.21069,10.383653,-0.098162,1.194707,3990370
-9.279925,0.131681,-0.184354,10.441113,-0.177171,1.233014,3990376
-9.315839,0.102951,-0.138864,10.395624,-0.105345,1.256956,3990382
-9.306262,0.062249,-0.201113,10.376471,-0.112527,1.254562,3990389
-9.303867,0.102951,-0.213084,10.381259,-0.129287,1.18513,3990395
-9.313444,0.143652,-0.246603,10.398018,-0.153229,1.228225,3990402
-9.296685,0.124498,-0.117316,10.431537,-0.062249,1.154005,3990408
-9.270349,0.143652,-0.114922,10.400413,-0.105345,1.180341,3990414
-9.287108,0.098162,-0.138864,10.484209,-0.105345,1.33357,3990421
-9.318233,0.086191,-0.181959,10.371682,-0.138864,1.288081,3990427
-9.344569,0.117316,-0.232238,10.417171,-0.105345,1.158794,3990433
-9.28232,0.071826,-0.148441,10.419566,-0.114922,1.237802,3990440
-9.299079,0.102951,-0.201113,10.393229,-0.079009,1.228225,3990447
-9.279925,0.155623,-0.059855,10.340557,-0.126893,1.295263,3990453
-9.351752,0.093374,-0.215478,10.352529,-0.086191,1.154005,3990460
-9.25359,0.114922,-0.217872,10.400413,-0.076614,1.223437,3990466
-9.272743,0.076614,-0.222661,10.414778,-0.112527,1.233014,3990473
-9.303867,0.138864,-0.160412,10.445902,-0.07422,1.321599,3990479
-9.315839,0.052672,-0.328006,10.417171,-0.126893,1.307234,3990485
-9.279925,0.079009,-0.155623,10.419566,-0.100556,1.302446,3990492
-9.323022,0.086191,-0.268151,10.443508,-0.131681,1.175553,3990498
-9.258378,0.11971,-0.196325,10.443508,-0.136469,1.23062,3990505
-9.289502,0.122104,-0.162806,10.409989,-0.095768,1.285686,3990511
-9.337387,0.062249,-0.138864,10.383653,-0.143652,1.18513,3990518
-9.255983,0.105345,-0.162806,10.402806,-0.112527,1.302446,3990524
-9.275137,0.160412,-0.184354,10.340557,-0.134075,1.261744,3990530
-9.342175,0.155623,-0.203507,10.340557,-0.07422,1.319205,3990537
-9.334992,0.126893,-0.181959,10.448297,-0.093374,1.335965,3990543
-9.279925,0.155623,-0.181959,10.405201,-0.131681,1.261744,3990550
-9.356541,0.122104,-0.1652,10.433931,-0.141258,1.235408,3990556
-9.296685,0.150835,-0.136469,10.398018,-0.129287,1.194707,3990563
-9.303867,0.122104,-0.189142,10.443508,-0.167594,1.247379,3990569
-9.306262,0.098162,-0.241814,10.395624,-0.122104,1.261744,3990575
-9.272743,0.088585,-0.215478,10.369287,-0.114922,1.266533,3990582
-9.323022,0.107739,-0.148441,10.402806,-0.148441,1.347936,3990588
-9.32781,0.129287,-0.215478,10.400413,-0.141258,1.240196,3990595
-9.299079,0.086191,-0.260968,10.402806,-0.160412,1.312023,3990601
-9.342175,0.107739,-0.201113,10.316615,-0.023942,1.314417,3990607
-9.294291,0.153229,-0.263362,10.453085,-0.148441,1.316811,3990614
-9.342175,0.083797,-0.179565,10.376471,-0.126893,1.280898,3990620
-9.330204,0.174777,-0.201113,10.417171,-0.047884,1.221043,3990627
-9.291897,0.114922,-0.248997,10.369287,-0.088585,1.218649,3990633
-9.28232,0.148441,-0.160412,10.350134,-0.110133,1.170765,3990639
-9.318233,0.076614,-0.143652,10.414778,-0.102951,1.364695,3990646
-9.306262,0.11971,-0.088585,10.366894,-0.110133,1.247379,3990653
-9.260772,0.138864,-0.174777,10.462662,-0.07422,1.347936,3990659
-9.294291,0.098162,-0.229843,10.400413,-0.138864,1.228225,3990665
-9.356541,0.105345,-0.25618,10.386047,-0.098162,1.156399,3990672
-9.332599,0.062249,-0.227449,10.338163,-0.11971,1.252167,3990678
-9.287108,0.134075,-0.117316,10.359711,-0.102951,1.271321,3990685
-9.279925,0.102951,-0.076614,10.417171,-0.136469,1.30484,3990691
-9.306262,0.098162,-0.213084,10.409989,-0.138864,1.264138,3990697
-9.320627,0.112527,-0.248997,10.42196,-0.088585,1.312023,3990704
-9.323022,0.112527,-0.146046,10.376471,-0.102951,1.309628,3990710
-9.301474,0.134075,-0.174777,10.400413,-0.131681,1.201889,3990717
-9.368511,0.122104,-0.11971,10.381259,-0.100556,1.300052,3990723
-9.358934,0.122104,-0.184354,10.400413,-0.179565,1.268927,3990729
-9.346964,0.088585,-0.174777,10.371682,-0.071826,1.211466,3990736
-9.332599,0.11971,-0.205901,10.453085,-0.122104,1.273715,3990742
-9.31105,0.088585,-0.191536,10.426748,-0.093374,1.280898,3990749
-9.339781,0.107739,-0.105345,10.402806,-0.126893,1.182736,3990756
-9.303867,0.131681,-0.208296,10.357317,-0.07422,1.321599,3990763
-9.315839,0.107739,-0.189142,10.448297,-0.124498,1.216254,3990769
-9.270349,0.102951,-0.19393,10.354922,-0.105345,1.261744,3990775
-9.303867,0.076614,-0.229843,10.417171,-0.136469,1.271321,3990782
-9.356541,0.110133,-0.181959,10.376471,-0.141258,1.240196,3990788
-9.272743,0.143652,-0.234632,10.405201,-0.098162,1.225831,3990794
-9.330204,0.098162,-0.167594,10.414778,-0.064643,1.357512,3990801
-9.325416,0.076614,-0.167594,10.374076,-0.124498,1.256956,3990807
-9.25359,0.117316,-0.21069,10.445902,-0.117316,1.218649,3990814
-9.3733,0.177171,-0.150835,10.400413,-0.143652,1.25935,3990820
-9.267955,0.11971,-0.222661,10.419566,-0.081403,1.180341,3990826
-9.32781,0.117316,-0.186748,10.357317,-0.167594,1.235408,3990833
-9.358934,0.093374,-0.162806,10.357317,-0.114922,1.18513,3990839
-9.325416,0.07422,-0.100556,10.386047,-0.174777,1.192312,3990846
-9.25359,0.155623,-0.198719,10.374076,-0.129287,1.355118,3990852
-9.308656,0.098162,-0.148441,10.388441,-0.09098,1.240196,3990859
-9.363723,0.1652,-0.201113,10.345345,-0.124498,1.204283,3990865
-9.291897,0.076614,-0.213084,10.395624,-0.146046,1.273715,3990872
-9.320627,0.148441,-0.131681,10.393229,-0.098162,1.302446,3990878
-9.23683,0.100556,-0.167594,10.34774,-0.095768,1.177947,3990885
-9.303867,0.069432,-0.174777,10.414778,-0.136469,1.264138,3990891
-9.313444,0.086191,-0.177171,10.400413,-0.131681,1.362301,3990897
-9.315839,0.158017,-0.23942,10.424355,-0.102951,1.233014,3990904
-9.294291,0.079009,-0.174777,10.333375,-0.105345,1.302446,3990910
-9.275137,0.098162,-0.146046,10.462662,-0.126893,1.244985,3990917
-9.3733,0.1652,-0.141258,10.433931,-0.112527,1.347936,3990923
-9.244013,0.100556,-0.268151,10.409989,-0.069432,1.187524,3990929
-9.294291,0.093374,-0.203507,10.402806,-0.064643,1.23062,3990936
-9.287108,0.160412,-0.153229,10.429143,-0.102951,1.21386,3990942
-9.334992,0.146046,-0.227449,10.443508,-0.122104,1.225831,3990949
-9.349358,0.124498,-0.203507,10.441113,-0.098162,1.237802,3990955
-9.294291,0.100556,-0.177171,10.371682,-0.131681,1.331176,3990962
-9.287108,0.114922,-0.150835,10.376471,-0.126893,1.268927,3990968
-9.344569,0.134075,-0.112527,10.395624,-0.079009,1.276109,3990974
-9.294291,0.155623,-0.184354,10.43872,-0.110133,1.240196,3990981
-9.308656,0.1652,-0.141258,10.378864,-0.124498,1.163582,3990987
-9.270349,0.138864,-0.169988,10.350134,-0.110133,1.266533,3990994
-9.267955,0.179565,-0.148441,10.342952,-0.112527,1.201889,3991000
-9.358934,0.126893,-0.260968,10.364499,-0.067038,1.295263,3991006
-9.306262,0.088585,-0.229843,10.407595,-0.131681,1.254562,3991013
-9.3733,0.076614,-0.203507,10.374076,-0.169988,1.321599,3991019
-9.291897,0.124498,-0.098162,10.345345,-0.102951,1.201889,3991026
-9.385271,0.102951,-0.198719,10.460267,-0.153229,1.204283,3991032
-9.344569,0.122104,-0.146046,10.386047,-0.131681,1.357512,3991038
-9.306262,0.129287,-0.124498,10.479421,-0.148441,1.331176,3991045
-9.28232,0.114922,-0.107739,10.419566,-0.129287,1.216254,3991051
-9.267955,0.069432,-0.19393,10.400413,-0.102951,1.295263,3991058
-9.368511,0.102951,-0.129287,10.412383,-0.146046,1.225831,3991064
-9.32781,0.138864,-0.205901,10.321404,-0.098162,1.271321,3991071
-9.301474,0.112527,-0.110133,10.359711,-0.071826,1.244985,3991077
-9.294291,0.158017,-0.205901,10.395624,-0.148441,1.302446,3991084
-9.306262,0.141258,-0.186748,10.405201,-0.124498,1.211466,3991090
-9.279925,0.098162,-0.191536,10.398018,-0.086191,1.194707,3991096
-9.318233,0.117316,-0.172383,10.417171,-0.11971,1.237802,3991103
-9.342175,0.11971,-0.143652,10.328587,-0.100556,1.228225,3991109
-9.244013,0.093374,-0.225055,10.376471,-0.150835,1.292869,3991116
-9.263166,0.071826,-0.172383,10.431537,-0.143652,1.33357,3991122
-9.303867,0.105345,-0.227449,10.412383,-0.107739,1.201889,3991128
-9.275137,0.181959,-0.222661,10.364499,-0.110133,1.280898,3991135
-9.294291,0.138864,-0.141258,10.395624,-0.086191,1.290475,3991141
-9.320627,0.07422,-0.169988,10.407595,-0.167594,1.343147,3991147
-9.258378,0.126893,-0.088585,10.383653,-0.146046,1.307234,3991154
-9.366117,0.124498,-0.205901,10.429143,-0.086191,1.249773,3991160
-9.303867,0.098162,-0.198719,10.393229,-0.136469,1.216254,3991167
-9.330204,0.122104,-0.160412,10.345345,-0.112527,1.187524,3991173
-9.332599,0.102951,-0.155623,10.436325,-0.179565,1.268927,3991180
-9.272743,0.160412,-0.158017,10.457873,-0.095768,1.295263,3991186
-9.323022,0.062249,-0.143652,10.409989,-0.047884,1.247379,3991193
-9.378088,0.174777,-0.189142,10.42196,-0.052672,1.254562,3991199
-9.287108,0.134075,-0.220267,10.426748,-0.079009,1.242591,3991205
-9.234436,0.093374,-0.167594,10.378864,-0.186748,1.319205,3991212
-9.306262,0.107739,-0.253785,10.33098,-0.04549,1.347936,3991218
-9.334992,0.098162,-0.126893,10.388441,-0.146046,1.314417,3991225
-9.32781,0.112527,-0.162806,10.474632,-0.107739,1.216254,3991231
-9.315839,0.117316,-0.186748,10.376471,-0.122104,1.276109,3991237
-9.287108,0.134075,-0.124498,10.393229,-0.1652,1.302446,3991244
-9.320627,0.131681,-0.124498,10.359711,-0.086191,1.292869,3991250
-9.330204,0.100556,-0.100556,10.345345,-0.064643,1.273715,3991257
-9.301474,0.1652,-0.177171,10.419566,-0.100556,1.180341,3991263
-9.28232,0.093374,-0.172383,10.448297,-0.131681,1.228225,3991269
-9.3733,0.098162,-0.225055,10.431537,-0.083797,1.302446,3991276
-9.32781,0.107739,-0.1652,10.42196,-0.136469,1.264138,3991282
-9.272743,0.07422,-0.1652,10.402806,-0.09098,1.228225,3991289
-9.32781,0.098162,-0.191536,10.42196,-0.067038,1.21386,3991295
-9.306262,0.114922,-0.186748,10.371682,-0.102951,1.264138,3991301
-9.306262,0.134075,-0.177171,10.414778,-0.107739,1.283292,3991308
-9.28232,0.100556,-0.246603,10.354922,-0.093374,1.300052,3991314
-9.296685,0.081403,-0.196325,10.314221,-0.143652,1.314417,3991321
-9.315839,0.110133,-0.248997,10.398018,-0.134075,1.237802,3991327
-9.315839,0.114922,-0.100556,10.417171,-0.146046,1.283292,3991333
-9.296685,0.081403,-0.181959,10.390836,-0.129287,1.280898,3991340
-9.294291,0.124498,-0.213084,10.342952,-0.093374,1.300052,3991346
-9.239224,0.155623,-0.201113,10.378864,-0.138864,1.297657,3991352
-9.320627,0.131681,-0.081403,10.402806,-0.076614,1.21386,3991359
-9.222465,0.131681,-0.258574,10.395624,-0.081403,1.177947,3991365
-9.313444,0.098162,-0.213084,10.393229,-0.064643,1.225831,3991372
-9.378088,0.117316,-0.179565,10.386047,-0.138864,1.268927,3991378
-9.346964,0.167594,-0.203507,10.400413,-0.064643,1.345541,3991385
-9.308656,0.076614,-0.184354,10.407595,-0.095768,1.249773,3991391
-9.294291,0.112527,-0.102951,10.371682,-0.081403,1.297657,3991397
-9.299079,0.155623,-0.229843,10.426748,-0.174777,1.225831,3991404
-9.279925,0.110133,-0.146046,10.390836,-0.098162,1.194707,3991410
-9.25359,0.124498,-0.25618,10.381259,-0.129287,1.177947,3991417
-9.248801,0.160412,-0.153229,10.405201,-0.095768,1.206678,3991423
-9.332599,0.126893,-0.124498,10.390836,-0.131681,1.228225,3991430
-9.351752,0.110133,-0.258574,10.371682,-0.143652,1.256956,3991436
-9.246407,0.09098,-0.225055,10.436325,-0.136469,1.273715,3991442
-9.320627,0.114922,-0.241814,10.462662,-0.143652,1.199495,3991449
-9.212888,0.208296,-0.105345,10.388441,-0.124498,1.278504,3991455
-9.299079,0.150835,-0.1652,10.414778,-0.086191,1.307234,3991462
-9.23683,0.129287,-0.167594,10.455479,-0.124498,1.216254,3991468
-9.28232,0.117316,-0.203507,10.417171,-0.114922,1.199495,3991475
-9.349358,0.11971,-0.270545,10.388441,-0.095768,1.247379,3991481
-9.279925,0.153229,-0.148441,10.42196,-0.09098,1.189918,3991487
-9.301474,0.11971,-0.213084,10.448297,-0.124498,1.374272,3991494
-9.339781,0.098162,-0.162806,10.42196,-0.107739,1.271321,3991500
-9.339781,0.107739,-0.1652,10.441113,-0.146046,1.247379,3991507
-9.301474,0.167594,-0.213084,10.362105,-0.117316,1.13964,3991513
-9.255983,0.138864,-0.107739,10.369287,-0.114922,1.283292,3991519
-9.287108,0.07422,-0.067038,10.359711,-0.112527,1.249773,3991526
-9.284714,0.126893,-0.114922,10.441113,-0.098162,1.285686,3991532
-9.313444,0.136469,-0.225055,10.381259,-0.169988,1.225831,3991539
-9.318233,0.129287,-0.241814,10.419566,-0.107739,1.283292,3991545
-9.318233,0.131681,-0.155623,10.455479,-0.136469,1.371878,3991551
-9.301474,0.038307,0.442927,10.486604,-0.086191,0.428562,3991558
-9.14585,-0.100556,0.349553,10.445902,-0.215478,1.039083,3991564
-9.198523,0.043096,-0.198719,10.474632,-0.260968,0.948104,3991571
-9.246407,0.184354,-0.454898,10.457873,-0.28491,1.584962,3991577
-9.251195,0.11971,-1.022324,10.426748,-0.169988,2.23379,3991584
-9.342175,0.098162,-0.964863,10.524911,0.09098,2.243367,3991590
-9.531317,0.093374,-0.081403,10.553641,0.217872,1.551443,3991596
-9.509769,-0.04549,-0.751779,10.354922,0.138864,1.781286,3991603
-9.485827,0.354342,-1.086968,10.254366,0.062249,0.754174,3991609
-9.452309,0.292093,0.19393,10.28549,-0.07422,1.192312,3991616
-9.308656,0.332794,0.071826,10.266336,-0.222661,1.170765,3991622
-9.267955,0.277727,0.797269,10.16578,-0.198719,0.634463,3991628
-9.234436,0.335188,0.402226,10.371682,-0.153229,0.440533,3991635
-9.32781,0.186748,0.40462,10.223241,-0.057461,0.098162,3991641
-9.349358,0.148441,0.146046,10.275913,0.035913,0.991199,3991647
-9.392453,0.009577,0.086191,10.409989,0.076614,0.960075,3991654
-9.349358,-0.069432,0.78051,10.512939,-0.035913,1.300052,3991660
-9.215282,-0.059855,0.430956,10.443508,-0.225055,0.952892,3991667
-9.193734,0.134075,0.605733,10.371682,-0.3304,-0.016759,3991673
-9.124303,0.124498,0.909797,10.388441,-0.356736,-0.471658,3991680
-9.085996,0.232238,1.254562,10.25676,-0.445322,-0.227449,3991686
-9.157822,0.328006,1.244985,10.254366,-0.385466,0.402226,3991692
-9.119514,0.344765,0.533907,10.242394,-0.280122,0.897826,3991699
-9.289502,0.263362,-0.229843,10.340557,-0.071826,1.886631,3991705
-9.605537,0.1652,-1.225831,10.488997,0.213084,2.434903,3991711
-9.880871,0.107739,-1.529895,10.579977,0.351948,2.731784,3991718
-9.892841,-0.031125,-1.21386,10.517728,0.356736,2.896984,3991724
-9.751583,0.031125,-0.684742,10.292673,0.23942,2.616863,3991730
-9.713276,0.337582,-0.612916,10.240001,0.177171,1.673547,3991737
-9.586384,0.572214,-0.19393,10.026917,-0.031125,0.821211,3991743
-9.397242,0.605733,0.538695,9.902418,-0.079009,0.215478,3991749
-9.28232,0.519542,1.596933,9.904813,-0.129287,-0.270545,3991756
-9.229648,0.543484,1.90339,9.919178,-0.117316,-0.538695,3991762
-9.088389,0.409408,1.860295,10.0748,-0.258574,-0.514753,3991768
-9.006987,0.086191,1.398214,10.292673,-0.344765,-0.040701,3991775
-9.07163,0.102951,1.101333,10.395624,-0.445322,0.435745,3991781
-9.01417,-0.011971,1.120486,10.591949,-0.653617,1.266533,3991788
-8.827422,-0.272939,0.387861,10.857705,-0.577003,1.726219,3991794
-8.815451,-0.629675,-0.409408,10.986992,-0.641646,2.319981,3991801
-8.669404,-0.565032,-1.37906,11.030087,-0.756568,3.136404,3991807
-8.856153,-0.337582,-1.434127,11.006145,-0.852336,3.117251,3991813
-9.184157,-0.158017,-1.067814,11.080365,-0.624887,3.450045,3991820
-9.607931,-0.131681,-0.756568,11.027693,-0.155623,2.363077,3991826
-9.828198,0.019154,-0.672771,10.709264,0.071826,2.319981,3991833
-9.519346,0.191536,-0.849942,10.122684,-0.014365,2.020706,3991839
-9.246407,0.531513,-0.237026,9.794679,-0.081403,1.924938,3991845
-9.516952,0.885855,0.47884,9.753978,0.059855,1.594538,3991852
-9.900024,1.031901,0.921768,9.813833,0.268151,1.221043,3991858
-9.991004,0.988805,0.435745,9.811439,0.445322,1.417367,3991864
-9.981427,0.773327,0.21069,9.76116,0.684742,1.221043,3991871
-10.079589,0.536301,0.794875,9.65821,0.792481,1.474828,3991877
-9.662998,0.500388,0.713472,9.631873,0.500388,1.786075,3991884
-9.227253,0.277727,0.320823,9.883265,0.007183,1.915361,3991890
-9.093178,0.126893,0.117316,10.278308,-0.409408,1.733402,3991897
-8.89446,-0.098162,0.423774,10.785878,-0.756568,1.604115,3991903
-9.002198,-0.095768,1.175553,11.068395,-0.97444,0.847547,3991910
-8.951921,-0.126893,1.405396,10.934319,-1.154005,0.986411,3991916
-8.604761,-0.196325,0.845153,10.874464,-1.132457,1.326388,3991922
-8.7125,-0.351948,0.205901,11.013328,-0.634463,1.862689,3991929
-8.959103,-0.557849,0.64404,11.025299,-0.672771,2.054225,3991935
-8.803479,-0.462081,0.663194,10.951078,-0.864307,2.810793,3991942
-8.784326,-0.047884,-0.148441,10.790668,-1.089362,2.691083,3991948
-9.050082,0.361524,-0.095768,10.651803,-0.940921,2.123657,3991954
-9.545682,0.612916,0.54109,10.45069,-0.361524,1.493982,3991961
-9.813833,0.562637,0.905008,10.115502,0.158017,1.376666,3991967
-9.82341,0.442927,0.399832,9.730036,0.577003,2.099715,3991974
-10.048465,0.768539,0.167594,9.346964,0.869095,2.422932,3991980
-9.988609,0.933739,0.457293,9.392453,0.718261,2.458845,3991987
-9.888053,0.993594,0.490811,9.639056,0.476446,2.013524,3991993
-9.710882,0.61531,0.445322,9.933543,0.229843,1.707066,3991999
-9.452309,0.366313,0.521936,10.266336,-0.095768,1.661576,3992006
-9.129091,0.143652,0.584185,10.417171,-0.474052,2.157176,3992012
-8.839393,-0.100556,0.840365,10.498574,-0.6608,2.207454,3992019
-8.901642,-0.098162,1.455675,10.682928,-0.593762,1.556231,3992025
-9.40203,-0.019154,1.984793,10.795456,-0.409408,0.627281,3992031
-9.425972,0.265756,0.897826,10.390836,-0.656011,1.774103,3992038
-9.040505,0.627281,0.217872,10.213664,-0.828394,1.944092,3992044
-9.021352,0.4956,0.890643,10.309433,-0.739808,2.669535,3992051
-9.241618,0.009577,1.541866,10.802638,-0.529119,2.099715,3992057
-9.267955,0.071826,-0.043096,10.800244,-0.68953,3.450045,3992063
-9.318233,0.124498,-0.445322,11.049241,-0.526724,2.049437,3992070
-9.579201,0.124498,0.727837,10.821792,-0.533907,2.652776,3992076
-9.294291,0.155623,0.124498,10.455479,-0.409408,3.076549,3992083
-9.093178,0.433351,0.213084,9.873688,-0.201113,2.868254,3992089
-9.576807,0.919373,1.242591,9.452309,0.332794,1.867477,3992096
-10.345345,1.704672,2.231396,9.016563,0.725443,0.126893,3992102
-10.668563,1.58975,1.788469,8.901642,0.926556,1.338359,3992108
-9.739613,1.383849,-0.043096,8.803479,0.416591,2.389413,3992115
-10.065224,0.821211,3.296816,9.411607,0.232238,1.503559,3992121
-9.198523,0.924162,0.363919,9.825804,-0.423774,4.050989,3992128
-9.052477,0.677559,-1.814805,11.020511,-0.490811,1.137246,3992134
-9.009381,-0.033519,0.526724,11.039664,-1.364695,3.754108,3992140
-8.571242,-0.100556,-0.893037,11.417948,-1.616086,2.762909,3992147
-8.319851,-0.794875,0.624887,11.664551,-1.539472,2.887407,3992153
-8.061277,-0.59855,-0.093374,11.274296,-1.704672,4.55856,3992160
-8.367735,-0.292093,-1.194707,11.324574,-1.125275,4.666299,3992166
-9.349358,-0.160412,-0.517148,11.123461,-0.701501,2.636016,3992172
-8.89446,0.356736,-0.462081,10.429143,-1.024718,3.744531,3992179
-8.746018,0.567426,-0.311246,10.33098,-0.758962,2.123657,3992185
-9.323022,-0.105345,1.21386,10.601525,-0.248997,2.140416,3992192
-9.121908,0.004788,-0.483629,10.28549,-0.691924,5.41329,3992198
-8.748413,0.265756,-0.816423,10.345345,-0.799663,2.846706,3992205
-9.004593,0.052672,1.417367,10.453085,-0.727837,2.861071,3992211
-9.588778,0.627281,1.47004,10.500969,-0.110133,1.42455,3992217
-10.505757,1.252167,3.624821,9.923966,0.356736,-2.260126,3992224
-9.888053,0.505177,6.081272,9.016563,-0.169988,1.577779,3992230
-8.753201,0.263362,-0.296881,10.072407,0.035913,2.480393,3992237
-7.69257,-1.235408,-15.543158,11.221623,-0.885855,14.041993,3992243
-18.914194,-4.003105,73.114128,18.00679,0.373495,-58.516685,3992250
5.374983,-1.156399,-78.453201,9.459491,-12.694057,78.450806,3992256
2.135628,0.155623,-78.453201,25.843014,3.234566,-18.164808,3992262
-29.982588,-20.573376,42.147526,16.47929,2.669535,10.223241,3992269
-31.455023,-21.684284,39.267303,6.253655,-3.830723,78.450806,3992275
-12.521675,-1.256956,-38.070202,7.639898,-2.394202,-78.453201,3992282
-11.446678,5.509058,78.450806,-4.817134,-12.761095,-64.712875,3992288
-0.055067,15.969325,60.637947,-12.94066,-15.241488,3.026271,3992295
0.833182,16.575058,69.067932,-1.419762,-3.737349,-78.453201,3992301
-8.243237,10.505757,63.894062,1.362301,-0.931344,-29.925127,3992308
-11.580753,6.14831,-22.934057,3.864242,0.217872,-2.087744,3992314
-21.260511,-4.264073,30.432697,7.843405,2.832341,-40.514683,3992320
-19.970036,-4.544195,37.495594,3.507505,-4.745308,21.124043,3992327
-13.39077,-2.363077,-5.619191,0.742203,-8.47308,6.138733,3992333
-10.443508,-3.866636,12.586318,5.50427,-2.695871,7.802703,3992340
-10.532093,-1.678335,-78.453201,12.373235,5.116409,64.171791,3992346
-13.00291,-7.900866,-78.453201,21.533449,8.65025,50.089092,3992353
-17.077841,-14.918271,-30.530861,22.768858,6.344635,78.450806,3992359
-17.539921,-13.508086,-53.369148,20.369867,2.858677,69.551559,3992366
-16.261417,-10.484209,-23.163902,15.588647,-1.601721,-9.919178,3992372
-13.036428,-5.403713,15.263036,4.414908,-8.803479,17.135302,3992378
-5.12838,1.613692,-19.000385,1.015141,-10.898406,-9.064447,3992385
-7.987057,1.21386,47.881641,2.013524,-8.477868,-34.988865,3992391
-8.202535,1.13964,39.489964,3.483563,-4.13718,-6.730101,3992398
-9.196129,2.698265,19.548656,8.655039,-0.687136,-52.344433,3992405
-11.769896,2.528277,61.497463,9.667787,-2.995146,-78.453201,3992412
-8.058883,5.906496,51.408298,4.362236,-10.060435,-27.657818,3992418
-3.215413,7.685388,22.467188,0.931344,-13.144167,-20.954054,3992425
-3.912126,2.288857,36.633678,1.733402,-9.648633,-7.972692,3992431
-4.110844,-4.647145,-12.995727,5.212177,-4.216189,14.525621,3992437
-10.709264,-11.307815,-27.420792,13.996503,4.474763,4.074931,3992444
-18.528727,-13.891158,-14.66688,18.5814,7.046135,39.774872,3992450
-23.951593,-6.205771,-40.136398,18.219875,6.71813,52.806511,3992457
-17.56147,-2.5187,-29.194895,13.924677,1.661576,41.3335,3992463
-7.345411,-1.54426,-41.809944,7.826645,-1.204283,53.615753,3992470
-5.729325,-2.027889,-62.040947,7.529764,0.548272,29.82457,3992476
-13.359646,-5.087678,-27.042509,9.868899,2.248155,10.759542,3992483
-20.274099,-5.997475,-3.023877,10.948685,2.418144,15.928624,3992489
-21.298819,-3.277662,15.952566,10.5704,1.87466,-18.600554,3992496
-15.308526,2.37026,35.027172,4.177882,-1.898602,-39.145199,3992503
-6.651093,8.41083,26.250027,-1.690306,-6.227319,-31.234755,3992509
-0.80924,11.839328,26.379314,-3.184288,-8.164227,-36.238636,3992515
-0.919373,9.835381,41.276039,0.639252,-7.331046,-27.435158,3992522
-4.431667,5.231331,31.960199,6.974309,-5.058948,-23.405716,3992528
-11.257536,-2.387019,31.304188,13.251906,-2.236184,-32.372002,3992535
-13.745112,-7.113173,22.196644,14.085089,-2.377442,-14.020445,3992541
-11.477803,-8.590396,-4.565742,12.073959,-3.816358,3.70383,3992548
-8.805874,-7.364564,-10.041282,10.220847,-4.865018,21.6364,3992554
-5.48751,-4.350265,-27.068844,9.868899,-4.400543,44.378922,3992560
-8.765172,-2.480393,-47.656586,13.055582,1.33357,45.638271,3992567
-10.335769,-5.93762,-41.347862,17.132908,2.858677,37.90979,3992573
-13.132196,-9.909601,-33.997665,19.445705,3.8403,33.238701,3992580
-16.266207,-9.263166,-26.295517,18.23424,3.459621,21.167137,3992586
-17.113754,-6.203377,-9.64145,12.617443,0.126893,12.516887,3992593
-13.809755,0.3304,-3.591303,5.477933,-4.084508,3.593697,3992599
-9.519346,5.480328,5.142745,1.300052,-5.394136,-12.615048,3992606
-7.536947,7.098808,18.789696,-0.035913,-4.240131,-21.40177,3992612
-8.157045,6.449979,28.179754,2.193089,-0.047884,-31.215601,3992619
-10.596737,5.145139,37.220261,5.303157,1.991976,-39.226601,3992625
-12.258312,4.201824,40.438068,6.756437,0.529119,-33.571495,3992632
-10.714052,4.005499,29.178137,5.918467,-2.810793,-26.87252,3992638
-8.406042,3.375824,19.694704,4.264073,-5.140351,-16.170439,3992644
-6.636727,1.237802,5.544971,4.307169,-4.867412,0.840365,3992651
-7.146692,-1.826776,-5.245696,7.441179,-2.533065,10.070012,3992657
-9.931149,-5.286397,-8.865729,12.923901,1.486799,20.956448,3992664
-13.529634,-7.920019,-21.66992,16.97489,4.778827,27.526136,3992670
-16.682798,-6.847417,-31.325735,18.246212,4.620809,31.668106,3992676
-11.219229,-6.50744,-35.261803,16.153679,1.012747,37.055061,3992683
-8.413225,-4.936844,-33.796551,13.94383,-2.152387,33.99527,3992689
-8.868123,-3.205836,-22.661119,12.047623,-3.564966,25.620352,3992696
-10.34774,-2.274492,-13.769054,11.130644,-3.457227,10.556035,3992702
-12.152967,-2.221819,-1.692701,10.702082,-2.042254,-6.177041,3992709
-12.835316,-1.529895,12.078748,9.672575,-1.266533,-17.757793,3992715
-11.413159,0.509965,21.56218,7.735666,-1.697489,-22.230164,3992722
-8.485051,3.885789,28.665777,5.398925,-3.181894,-26.259604,3992728
-5.930438,6.344635,30.016108,3.112462,-4.718972,-27.164612,3992735
-4.268862,6.995857,25.316288,3.040636,-5.063736,-26.245239,3992741
-5.45878,4.944026,22.10327,5.528212,-3.500323,-22.43367,3992747
-8.89446,0.782904,18.528727,8.087613,-1.273715,-13.254301,3992754
-11.463438,-2.96881,11.640609,10.005369,1.165976,-2.437297,3992760
-12.591106,-5.015852,2.296039,10.630256,2.003947,6.979098,3992767
-11.638214,-4.795586,-13.723564,10.572795,1.936909,16.326061,3992773
-10.934319,-2.911349,-24.497471,10.840945,1.549049,27.138277,3992780
-12.658144,0.016759,-34.256237,11.645397,2.288857,35.996822,3992786
-11.283873,-1.113304,-32.563538,12.885593,1.742979,34.500446,3992792
-11.975797,-4.012682,-23.788788,13.857639,2.56419,28.10314,3992799
-13.718776,-5.044583,-18.748993,14.049175,2.863465,15.006856,3992806
-14.743494,-3.404555,-10.488997,12.749125,1.13964,3.236961,3992812
-13.666103,-0.548272,0.217872,9.706094,-2.11408,-3.078943,3992818
-10.879252,2.695871,8.846576,6.670246,-4.299986,-7.455544,3992825
-7.469909,4.900931,18.272547,4.599261,-4.91769,-16.053122,3992831
-5.604826,4.939238,22.378603,4.601655,-3.766079,-23.817518,3992838
-5.559336,3.081338,24.334665,6.258443,-2.20506,-29.340942,3992844
-6.895301,1.386243,25.615564,8.657434,-1.757344,-27.028143,3992851
-8.312668,0.081403,25.309107,9.782708,-2.738967,-18.681955,3992857
-8.327033,-0.840365,18.334797,9.339781,-3.722984,-8.614338,3992863
-7.369353,-1.594538,6.655881,8.578424,-3.591303,-0.61531,3992870
-6.730101,-2.731784,-7.16824,8.803479,-2.269703,6.950367,3992876
-7.697359,-3.797204,-14.106636,10.955867,0.064643,17.176003,3992883
-9.816227,-4.51307,-18.794483,13.711593,2.5187,24.310724,3992889
-14.348451,-3.737349,-22.443247,15.332468,4.141969,28.874073,3992895
-13.55597,-3.955221,-24.540567,15.081077,2.877831,27.389668,3992902
-11.429919,-3.691859,-24.454376,13.311762,1.070208,21.104889,3992909
-11.7268,-1.261744,-20.966024,11.494562,-0.476446,17.159243,3992915
-12.469003,0.962469,-10.512939,9.720459,-1.386243,8.53054,3992921
-12.976573,2.087744,2.126051,8.451532,-1.106121,-0.402226,3992928
-12.339716,2.602497,11.32218,7.026982,-0.114922,-11.176133,3992934
-10.79785,2.815581,16.254236,5.951985,0.426168,-20.513519,3992941
-9.124303,3.169923,19.929335,5.257667,0.191536,-23.719357,3992947
-7.639898,4.122815,21.432894,5.24809,-1.541866,-21.023485,3992954
-7.208941,4.374207,23.089682,5.8634,-2.956839,-17.824831,3992960
-7.03177,3.023877,20.034679,6.794744,-3.078943,-13.479356,3992966
-7.115568,0.677559,11.477803,8.116343,-1.862689,-10.433931,3992973
-8.030152,-2.193089,5.343858,10.113108,-0.380678,-3.70383,3992979
-9.136273,-4.383783,-1.73819,11.544841,0.349553,7.201759,3992986
-9.727641,-4.944026,-8.683769,13.00291,0.512359,15.725117,3992992
-10.144233,-4.048595,-16.215929,13.929465,0.021548,22.376209,3992998
-10.915166,-2.284068,-23.791182,14.377181,0.148441,25.811888,3993005
-10.369287,-2.032677,-26.26918,14.00608,-0.505177,23.860615,3993012
-9.895236,-2.930503,-21.684284,13.951014,-0.493206,21.36825,3993018
-11.425131,-3.040636,-12.962208,13.345281,0.081403,13.948619,3993025
-12.706028,-2.138022,-3.790021,12.354081,-0.105345,5.671864,3993031
-12.548011,-0.105345,1.960851,10.323798,-0.902614,-3.600879,3993037
-11.152191,2.207454,6.141128,8.192958,-1.606509,-11.669339,3993044
-9.378088,3.782839,13.297397,5.98311,-2.367866,-14.156915,3993050
-7.395689,4.623203,17.618931,4.905719,-1.989582,-15.275007,3993057
-6.789956,3.895366,20.525492,5.080496,-0.864307,-18.768147,3993063
-7.326257,2.240973,20.140024,6.241684,0.086191,-19.191921,3993070
-8.259995,0.97444,15.71554,7.560889,0.215478,-16.345215,3993076
-9.323022,-0.023942,12.27986,8.599973,0.002394,-8.892065,3993082
-9.892841,-0.59855,5.372589,8.805874,-0.308852,1.09415,3993089
-9.653421,-0.878672,-2.511518,9.217676,-0.189142,9.574412,3993095
-9.433155,-1.553837,-10.764331,10.247183,0.591368,14.796166,3993101
-9.854534,-2.23379,-17.824831,11.978191,1.529895,18.23424,3993108
-12.167333,-2.372654,-21.502325,14.013263,2.418144,21.442471,3993115
-12.538434,-2.772485,-18.466478,14.851233,1.328782,21.545422,3993121
-12.164939,-2.406173,-15.911864,14.398729,0.033519,18.543093,3993127
-11.69807,-1.369483,-13.232753,13.290214,-1.067814,11.705252,3993134
-11.09473,-0.241814,-8.384495,11.101913,-2.013524,4.977545,3993140
-10.093954,0.732626,-2.20506,9.674969,-2.082955,-0.483629,3993147
-9.555259,1.163582,6.323087,8.51857,-1.936909,-6.212954,3993153
-8.686164,1.37906,13.385982,7.874529,-1.522712,-11.832145,3993159
-7.651869,1.596933,17.051504,7.627927,-1.321599,-17.508797,3993166
-7.132327,1.577779,18.689138,7.508216,-1.436521,-20.298042,3993172
-6.641516,1.61848,16.474503,7.484274,-1.915361,-16.558298,3993179
-6.727707,1.254562,13.81215,7.762002,-1.821988,-12.63899,3993185
-7.400477,0.335188,11.717223,7.982268,-1.144428,-5.183447,3993191
-8.042124,-0.845153,4.613626,8.659827,-0.292093,0.529119,3993198
-8.978256,-1.766921,-2.798822,10.000581,0.861913,5.200206,3993204
-10.158598,-2.212242,-8.640674,11.453861,1.549049,10.635044,3993211
-11.690886,-2.049437,-13.115437,12.686874,1.68073,16.124949,3993217
-13.136985,-0.828394,-16.110582,13.072341,1.891419,20.810402,3993223
-12.63899,-0.215478,-17.745823,12.679692,1.156399,20.609289,3993230
-11.312603,-0.529119,-17.647661,11.963826,0.368707,17.513586,3993236
-11.135432,-0.629675,-14.264654,11.616667,0.282516,11.336545,3993243
-11.824963,-0.148441,-7.086837,11.221623,-0.064643,4.67827,3993249
-12.239159,0.47884,-0.07422,10.666168,-0.318429,-0.294487,3993256
-11.463438,1.201889,7.465121,9.512163,-0.612916,-6.26802,3993262
-9.488221,1.723825,11.484985,7.635109,-1.046266,-11.798626,3993268
-6.931214,2.025495,12.548011,6.464345,-1.407791,-14.401123,3993275
-5.650316,1.862689,14.085089,6.366182,-1.580173,-14.870387,3993281
-5.676652,1.326388,15.02601,7.261614,-1.491588,-12.943054,3993288
-6.859388,0.337582,14.219164,8.887277,-1.247379,-10.87207,3993294
-8.051701,-0.557849,11.085154,9.919178,-0.933739,-7.532158,3993301
-8.75799,-1.42455,4.206613,10.383653,-0.670376,-2.549825,3993307
-8.892065,-1.826776,-1.795651,10.711658,-0.507571,4.441244,3993313
-8.947132,-1.900996,-7.589619,11.197681,-0.342371,11.511322,3993320
-9.595961,-1.685518,-11.870452,12.255919,0.035913,16.467319,3993326
-11.092337,-1.323994,-15.136143,13.170504,0.696713,17.542316,3993333
-12.445061,-0.684742,-16.417042,13.848063,0.737414,17.039534,3993339
-12.277467,-0.866701,-15.871163,13.536817,0.543484,14.113819,3993346
-12.126632,-0.629675,-10.335769,12.253524,0.272939,10.127473,3993352
-11.535264,-0.076614,-5.844246,10.673351,-0.134075,7.295133,3993358
-10.821792,0.94571,-0.888249,9.500193,-0.234632,0.304064,3993365
-10.158598,1.45328,4.491522,8.11395,-0.337582,-5.626374,3993371
-9.131485,1.982399,7.45315,7.455544,-0.342371,-9.459491,3993378
-8.298303,1.960851,12.220005,7.043741,-0.222661,-12.799402,3993384
-7.764396,1.714248,14.69561,6.924031,-0.172383,-12.852075,3993390
-7.352593,1.146823,14.180857,7.149086,-0.160412,-12.782643,3993397
-7.357382,0.605733,12.361263,7.632715,-0.308852,-10.771513,3993403
-7.764396,0.146046,7.833828,8.434772,-0.567426,-5.564125,3993410
-8.494628,-0.3304,2.475605,9.595961,-0.61531,0.234632,3993417
-9.464279,-0.761356,-1.944092,11.077971,-0.387861,6.277597,3993424
-10.204087,-1.187524,-6.560112,12.145785,-0.112527,10.757148,3993430
-10.783484,-1.450886,-10.994174,13.189657,0.258574,12.674904,3993437
-11.200075,-1.599327,-13.718776,13.735536,0.361524,14.626178,3993443
-11.528081,-1.06542,-14.417883,13.450625,-0.076614,16.378735,3993450
-10.996569,-0.785298,-12.79222,12.923901,-0.560243,14.097059,3993456
-10.682928,-0.493206,-9.050082,12.193669,-0.80924,10.043676,3993463
-10.520123,-0.203507,-5.83467,11.267113,-0.737414,4.242526,3993469
-10.314221,0.105345,-0.790087,10.381259,-0.440533,-1.441309,3993475
-9.847352,0.323217,4.304775,9.234436,-0.304064,-5.018247,3993482
-8.655039,0.687136,8.887277,8.02297,-0.258574,-8.133103,3993488
-7.568071,1.108515,11.599907,7.108385,-0.35913,-10.694899,3993495
-6.847417,1.285686,12.425907,6.801927,-0.476446,-11.571177,3993501
-6.897695,1.388637,11.259931,7.12275,-0.469264,-11.382035,3993507
-7.491457,1.017536,10.105926,7.862558,-0.282516,-9.303867,3993514
-8.729259,0.519542,7.587225,8.911219,0.07422,-4.692636,3993520
-9.576807,-0.02873,4.22816,9.751583,0.318429,0.328006,3993527
-10.120291,-0.471658,-1.022324,10.443508,0.339977,4.637568,3993533
-10.426748,-0.335188,-6.287174,11.109096,0.337582,8.659827,3993540
-10.977415,-0.280122,-10.546458,12.181698,0.237026,12.054806,3993546
-11.540052,-0.110133,-12.095507,12.741941,0.260968,14.324509,3993553
-11.889606,-0.071826,-12.411542,13.13459,0.153229,14.525621,3993559
-11.473015,-0.555455,-11.295844,12.856863,0.088585,12.126632,3993565
-11.018116,-0.845153,-9.186552,12.040441,0.040701,8.432379,3993572
-10.388441,-0.605733,-5.746084,11.183316,-0.158017,4.786009,3993578
-9.967062,-0.258574,-1.046266,10.187328,-0.328006,0.648829,3993585
-9.155427,0.134075,3.445256,9.083601,-0.608127,-3.39019,3993591
-8.073248,0.438139,7.345411,8.360553,-0.852336,-7.029376,3993597
-7.271191,0.588974,9.665392,7.838616,-0.739808,-10.268731,3993604
-6.71813,0.56982,10.730812,7.759608,-0.536301,-11.161768,3993610
-6.962338,0.464475,10.939108,8.06846,-0.54109,-10.362105,3993617
-7.592013,0.260968,10.081984,8.755595,-0.574608,-7.268796,3993624
-8.339005,0.191536,7.094019,9.32781,-0.545878,-4.168305,3993630
-9.102755,0.153229,3.052607,10.022128,-0.593762,-0.014365,3993637
-9.813833,0.112527,-1.877054,10.833763,-0.500388,3.952827,3993643
-10.527305,-0.014365,-5.6982,11.568783,-0.215478,7.979874,3993650
-11.197681,-0.265756,-8.154651,12.373235,0.31364,11.372458,3993656
-11.805809,-0.354342,-10.503363,12.717999,0.679953,12.892776,3993663
-11.880029,-0.220267,-11.568783,12.579136,0.687136,12.306197,3993669
-11.3964,-0.237026,-10.778696,11.918336,0.337582,10.752359,3993676
-10.596737,-0.227449,-8.207323,11.221623,0.150835,8.372523,3993682
-10.199299,-0.062249,-4.577713,10.436325,0.035913,4.958392,3993689
-9.85214,-0.02873,-0.603339,9.749189,0.112527,0.344765,3993695
-9.342175,0.004788,3.608062,9.02614,0.205901,-3.825934,3993702
-8.441956,0.162806,6.502652,8.288726,0.124498,-7.285556,3993708
-7.623138,0.287304,8.726865,7.797915,-0.079009,-9.050082,3993714
-6.962338,0.59855,10.134656,7.64708,-0.435745,-9.11712,3993721
-7.065289,0.778116,10.103531,8.090008,-0.864307,-8.250419,3993727
-7.742848,0.837971,8.444349,8.825027,-0.869095,-7.177817,3993734
-8.499416,0.56982,6.277597,9.804255,-0.818817,-4.211401,3993740
-9.416395,0.160412,2.707842,10.613496,-0.682347,-0.514753,3993747
-9.995792,-0.158017,-0.646434,11.370064,-0.533907,3.892972,3993753
-10.395624,-0.287304,-3.828329,11.990162,-0.469264,7.457938,3993759
-10.682928,-0.42138,-7.697359,12.339716,-0.349553,10.340557,3993766
-10.948685,-0.208296,-9.849746,12.643779,-0.136469,11.722012,3993772
-11.027693,-0.277727,-10.793061,12.615048,-0.016759,11.729194,3993779
-10.874464,-0.488417,-9.516952,12.229582,0.095768,10.237606,3993785
-10.386047,-0.696713,-6.811504,11.525687,0.268151,8.228871,3993792
-9.952697,-0.739808,-4.515464,10.575189,0.407014,4.285621,3993798
-9.600749,-0.536301,-1.204283,9.758766,0.354342,0.474052,3993804
-8.975863,-0.112527,2.317587,8.908825,0.241814,-2.961627,3993811
-8.324639,0.248997,5.130774,8.274361,0.043096,-5.449203,3993817
-7.807492,0.624887,8.030152,7.800309,-0.172383,-7.034164,3993824
-7.577648,0.864307,9.28232,7.752425,-0.129287,-8.336611,3993830
-7.788338,0.988805,8.954314,8.094796,-0.179565,-8.37013,3993837
-8.386889,0.969652,7.685388,8.875306,-0.325611,-6.579266,3993843
-9.109938,0.876278,6.040571,9.531317,-0.409408,-3.835511,3993849
-9.758766,0.758962,2.899378,10.249578,-0.538695,-0.519542,3993856
-10.220847,0.632069,-0.320823,11.020511,-0.603339,3.359065,3993862
-10.500969,0.407014,-3.734955,11.59033,-0.610521,6.38773,3993868
-10.675745,-0.086191,-6.880936,12.23437,-0.318429,8.791509,3993875
-10.903194,-0.294487,-8.329428,12.586318,-0.069432,10.199299,3993881
-10.888829,-0.672771,-9.069236,12.622231,0.055067,11.039664,3993888
-10.388441,-0.881066,-8.487445,12.215217,0.055067,9.701305,3993894
-10.014946,-0.998382,-7.12275,11.566388,0.105345,7.57286,3993900
-9.449914,-0.869095,-4.886566,10.788273,0.057461,4.570531,3993907
-9.018958,-0.627281,-1.915361,9.935937,0.033519,1.297657,3993913
-8.635885,-0.500388,1.45328,9.296685,0.071826,-1.295263,3993920
-8.137892,-0.270545,4.683059,8.678981,0.031125,-4.460398,3993926
-7.82904,0.069432,6.933608,8.358158,-0.035913,-6.698977,3993933
-7.754819,0.581791,7.975086,8.226477,-0.220267,-7.613562,3993939
-8.00621,0.967257,8.157045,8.516175,-0.481235,-7.536947,3993945
-8.659827,1.297657,7.601591,9.02614,-0.624887,-5.822699,3993952
-9.155427,1.233014,5.911284,9.500193,-0.617704,-3.495534,3993958
-9.730036,1.096544,3.440468,10.122684,-0.514753,-1.175553,3993965
-10.18254,0.699107,-0.093374,10.833763,-0.37589,2.437297,3993971
-10.553641,0.466869,-3.157952,11.319786,-0.258574,5.38456,3993977
-10.807426,0.232238,-5.556942,11.932701,-0.110133,8.061277,3993984
-10.96305,-0.062249,-7.457938,12.150574,0.055067,9.552865,3993990
-10.785878,-0.366313,-8.317456,12.093113,0.114922,10.113108,3993997
-10.196905,-0.766145,-8.032547,11.786655,0.244209,9.193734,3994003
-9.746795,-0.885855,-7.16824,11.178528,0.335188,7.541735,3994009
-9.32781,-1.000776,-4.910508,10.675745,0.428562,4.630386,3994016
-9.064447,-0.926556,-1.666364,10.077195,0.363919,1.946486,3994022
-8.719683,-0.715866,0.857124,9.543288,0.28491,-0.857124,3994029
-8.2169,-0.270545,3.65834,8.951921,-0.031125,-3.892972,3994035
-7.845799,0.081403,5.719748,8.611943,-0.280122,-5.566519,3994042
-7.82904,0.651223,7.252037,8.65025,-0.56982,-6.677429,3994048
-8.128315,0.92895,7.884106,8.848969,-0.694318,-6.555324,3994054
-8.664616,1.137246,7.218518,9.423578,-0.821211,-5.343858,3994061
-9.193734,1.151611,5.245696,9.921572,-0.761356,-3.811569,3994067
-9.746795,1.012747,3.404555,10.429143,-0.766145,-1.51553,3994073
-10.06283,0.80924,0.684742,10.91756,-0.684742,2.001553,3994080
-10.390836,0.52433,-2.252944,11.35091,-0.471658,4.496311,3994086
-10.488997,0.146046,-4.400543,11.812991,-0.263362,7.022193,3994093
-10.596737,-0.220267,-6.687006,11.997345,0.026336,8.544906,3994099
-10.465055,-0.464475,-7.848193,11.96622,0.316035,8.66701,3994105
-10.089166,-0.792481,-7.644686,11.528081,0.45011,8.662222,3994112
-9.655815,-1.046266,-6.667852,11.130644,0.481235,7.601591,3994118
-9.325416,-0.998382,-4.948815,10.54167,0.531513,4.924873,3994125
-8.99741,-0.871489,-1.872266,9.957485,0.476446,2.231396,3994131
-8.781932,-0.61531,0.490811,9.394848,0.342371,-0.921768,3994138
-8.444349,-0.1652,3.040636,9.021352,0.169988,-3.205836,3994144
-8.322245,0.294487,5.17387,8.779537,-0.062249,-4.793192,3994150
-8.257602,0.667982,6.414066,8.767567,-0.390255,-5.712565,3994157
-8.516175,1.154005,6.940791,8.973468,-0.612916,-5.90889,3994163
-8.932767,1.316811,6.540959,9.449914,-0.847547,-5.00867,3994170
-9.349358,1.434127,5.130774,9.923966,-0.842759,-3.660734,3994176
-9.821015,1.165976,3.354277,10.407595,-0.821211,-1.412579,3994182
-10.026917,0.92895,1.101333,10.891224,-0.718261,1.592144,3994189
-10.160992,0.354342,-1.810017,11.303026,-0.591368,3.876213,3994195
-10.21127,-0.062249,-3.995923,11.645397,-0.289698,6.093243,3994202
-10.177752,-0.428562,-6.062119,11.858481,-0.064643,7.603985,3994208
-10.010158,-0.756568,-7.079654,11.786655,0.181959,8.360553,3994215
-9.737218,-0.995988,-7.07726,11.547235,0.191536,8.130709,3994221
-9.387665,-1.161188,-5.98311,11.101913,0.37589,7.070077,3994227
-9.016563,-1.197101,-4.52983,10.625467,0.488417,4.783615,3994234
-8.815451,-1.01993,-2.195483,10.058042,0.416591,2.451663,3994240
-8.753201,-0.656011,0.136469,9.655815,0.287304,-0.328006,3994247
-8.643068,-0.174777,2.360683,9.246407,0.079009,-2.348712,3994253
-8.566454,0.416591,4.565742,9.01417,-0.1652,-4.173094,3994260
-8.544906,0.866701,5.729325,8.947132,-0.414197,-5.063736,3994266
-8.8777,1.300052,6.210559,9.124303,-0.509965,-5.403713,3994272
-9.210494,1.537078,5.90889,9.414001,-0.699107,-4.594473,3994279
-9.622296,1.474828,4.972757,9.873688,-0.691924,-3.25372,3994285
-9.888053,1.323994,3.124433,10.283096,-0.682347,-1.201889,3994291
-10.089166,0.976834,1.007959,10.764331,-0.509965,1.249773,3994298
-10.201694,0.574608,-1.127669,11.061212,-0.507571,3.342306,3994304
-10.132261,0.076614,-3.576937,11.35091,-0.184354,5.60722,3994311
-9.991004,-0.395043,-5.114015,11.535264,0.033519,6.86657,3994317
-9.775525,-0.866701,-6.14831,11.599907,0.253785,7.560889,3994323
-9.536105,-1.151611,-6.356606,11.334151,0.373495,7.455544,3994330
-9.284714,-1.221043,-5.83467,11.008539,0.416591,6.560112,3994336
-8.880095,-1.244985,-4.386178,10.601525,0.426168,4.553771,3994343
-8.748413,-1.072602,-2.451663,10.213664,0.294487,2.65517,3994349
-8.707711,-0.59855,0.033519,9.811439,0.100556,0.093374,3994356
-8.681376,-0.177171,2.06859,9.624691,-0.081403,-1.786075,3994362
-8.623915,0.332794,3.933673,9.416395,-0.318429,-3.61285,3994368
-8.791509,0.804452,4.982334,9.390059,-0.577003,-4.407725,3994375
-8.949526,1.197101,5.659893,9.495404,-0.672771,-4.606444,3994381
-9.28232,1.455675,5.372589,9.655815,-0.797269,-4.022259,3994388
-9.576807,1.486799,4.570531,10.002975,-0.766145,-2.932897,3994394
-9.813833,1.357512,3.268085,10.340557,-0.737414,-1.347936,3994400
-10.022128,0.931344,0.981623,10.647015,-0.454898,0.919373,3994407
-9.979033,0.507571,-0.950498,10.958261,-0.282516,2.916138,3994413
-9.988609,-0.098162,-2.964022,11.207258,-0.019154,4.994305,3994419
-9.904813,-0.476446,-4.592079,11.298238,0.275333,6.279991,3994426
-9.684546,-0.797269,-5.468357,11.224017,0.433351,6.873753,3994432
-9.370906,-1.079785,-5.774815,11.027693,0.52433,6.873753,3994439
-9.148245,-1.206678,-5.374983,10.862494,0.579397,6.155493,3994445
-8.985439,-1.072602,-3.888184,10.43872,0.459687,4.568137,3994452
-8.935161,-0.924162,-2.315193,10.268731,0.306458,2.796427,3994458
-8.939949,-0.464475,-0.244209,9.967062,0.110133,0.399832,3994465
-8.882488,-0.105345,1.651999,9.76116,-0.114922,-1.355118,3994471
-8.781932,0.385466,3.076549,9.593566,-0.378284,-2.767697,3994477
-8.944737,0.897826,4.496311,9.564836,-0.641646,-3.763685,3994484
-9.121908,1.307234,5.149928,9.653421,-0.826,-4.01747,3994490
-9.3733,1.443704,4.809951,9.945514,-0.912191,-3.543418,3994497
-9.579201,1.357512,4.110844,10.09156,-0.80924,-2.801216,3994503
-9.701305,1.18513,2.896984,10.409989,-0.723049,-0.950498,3994509
-9.773131,0.701501,1.103727,10.635044,-0.466869,0.766145,3994516
-9.775525,0.296881,-0.543484,10.876859,-0.318429,2.58095,3994522
-9.667787,-0.25618,-2.679112,11.054029,-0.071826,4.448427,3994529
-9.516952,-0.639252,-4.048595,11.130644,0.198719,5.590461,3994535
-9.466674,-0.950498,-5.080496,11.073183,0.371101,6.347029,3994542
-9.205706,-1.156399,-5.12838,11.008539,0.447716,6.318298,3994548
-9.093178,-1.218649,-4.702212,10.740389,0.519542,5.430049,3994555
-8.985439,-1.043872,-3.557784,10.529699,0.368707,4.27365,3994561
-9.02614,-0.78051,-2.152387,10.247183,0.299275,2.410961,3994567
-9.074024,-0.323217,-0.311246,10.127473,0.09098,0.653617,3994574
-9.119514,0.136469,1.300052,9.856929,-0.117316,-0.90022,3994580
-9.124303,0.574608,2.877831,9.655815,-0.342371,-2.219425,3994587
-9.234436,1.084573,3.98874,9.646238,-0.59855,-3.083732,3994593
-9.378088,1.321599,4.592079,9.756371,-0.68953,-3.488352,3994599
-9.478644,1.407791,4.429273,9.921572,-0.778116,-3.1795,3994606
-9.682152,1.381454,3.639187,10.0748,-0.691924,-2.322376,3994612
-9.722853,1.127669,2.636016,10.340557,-0.533907,-0.842759,3994618
-9.651027,0.617704,1.029507,10.491392,-0.42138,0.811634,3994625
-9.507375,0.153229,-0.543484,10.757148,-0.222661,2.576161,3994631
-9.483433,-0.282516,-2.08535,10.879252,-0.016759,3.938462,3994638
-9.378088,-0.663194,-3.55539,10.998962,0.25618,5.030218,3994644
-9.291897,-0.878672,-4.321534,11.020511,0.35913,5.56173,3994651
-9.009381,-1.156399,-4.508282,10.941502,0.399832,5.762844,3994657
-8.939949,-1.151611,-4.256891,10.761936,0.363919,5.152322,3994664
-8.899248,-0.998382,-3.215413,10.599131,0.323217,3.94325,3994670
-8.968679,-0.679953,-2.073379,10.448297,0.071826,2.430115,3994676
-9.138668,-0.294487,-0.490811,10.25676,-0.076614,0.878672,3994683
-9.239224,0.196325,1.182736,10.084377,-0.138864,-0.457293,3994689
-9.303867,0.624887,2.420538,9.950302,-0.383072,-1.786075,3994696
-9.41879,1.04866,3.433285,9.847352,-0.545878,-2.588132,3994702
-9.478644,1.290475,3.900155,9.854534,-0.665588,-2.930503,3994708
-9.607931,1.419762,3.787627,9.94312,-0.696713,-2.542642,3994715
-9.583989,1.247379,3.280056,10.055647,-0.572214,-1.929727,3994721
-9.615114,0.988805,2.375048,10.225636,-0.383072,-0.64404,3994728
-9.528923,0.481235,0.914585,10.405201,-0.19393,0.632069,3994734
-9.476251,0.064643,-0.560243,10.577583,-0.016759,2.257732,3994740
-9.363723,-0.323217,-1.860295,10.704475,0.201113,3.512294,3994747
-9.325416,-0.679953,-3.196259,10.79785,0.42138,4.639963,3994753
-9.200917,-0.893037,-3.775656,10.78109,0.385466,5.12838,3994760
-9.018958,-0.979228,-4.039018,10.79785,0.323217,5.157111,3994766
-8.978256,-1.00317,-3.763685,10.692505,0.282516,4.659117,3994773
-9.038112,-0.806846,-2.892196,10.673351,0.225055,3.718195,3994779
-9.14585,-0.476446,-1.75495,10.532093,0.04549,2.348712,3994785
-9.296685,-0.1652,-0.466869,10.31901,-0.174777,1.029507,3994792
-9.361329,0.320823,0.969652,10.30225,-0.349553,-0.459687,3994798
-9.354146,0.684742,2.059013,10.144233,-0.490811,-1.400608,3994805
-9.425972,1.010353,2.990358,10.043676,-0.648829,-2.087744,3994811
-9.464279,1.201889,3.421314,10.098742,-0.711078,-2.212242,3994818
-9.533711,1.290475,3.454833,10.096349,-0.699107,-2.070984,3994824
-9.55047,1.067814,2.741361,10.132261,-0.56982,-1.419762,3994830
-9.428367,0.723049,2.049437,10.271125,-0.282516,-0.474052,3994837
-9.368511,0.366313,0.90022,10.390836,-0.146046,0.687136,3994843
-9.303867,-0.086191,-0.402226,10.488997,-0.007183,2.08535,3994849
-9.179369,-0.320823,-1.625663,10.472239,0.155623,3.198653,3994856
-9.148245,-0.596156,-2.801216,10.733206,0.323217,4.225766,3994862
-9.14585,-0.816423,-3.392584,10.69011,0.328006,4.613626,3994869
-9.11712,-0.866701,-3.531447,10.654198,0.366313,4.663905,3994875
-9.033323,-0.744597,-3.280056,10.635044,0.253785,4.235343,3994881
-9.131485,-0.684742,-2.633622,10.615891,0.158017,3.428497,3994888
-9.318233,-0.31364,-1.570596,10.488997,-0.071826,2.262521,3994894
-9.442732,0.095768,-0.464475,10.508151,-0.136469,1.022324,3994901
-9.548077,0.430956,0.64404,10.311827,-0.308852,-0.09098,3994907
-9.557653,0.749385,1.671153,10.158598,-0.545878,-0.902614,3994913
-9.545682,0.933739,2.477999,10.101137,-0.620098,-1.529895,3994920
-9.483433,1.074997,2.837129,10.15381,-0.59855,-1.764527,3994926
-9.385271,1.029507,2.717419,10.079589,-0.550666,-1.659182,3994932
-9.457097,0.895431,2.501941,10.13705,-0.442927,-1.194707,3994939
-9.442732,0.610521,1.843535,10.201694,-0.258574,-0.220267,3994945
-9.289502,0.184354,0.799663,10.311827,-0.11971,0.732626,3994952
-9.124303,-0.129287,-0.160412,10.393229,0.081403,1.915361,3994958
-9.028535,-0.428562,-1.400608,10.491392,0.23942,2.870648,3994965
-9.057265,-0.641646,-2.327164,10.591949,0.263362,3.485958,3994971
-9.057265,-0.773327,-2.822764,10.527305,0.275333,4.091691,3994977
-9.126697,-0.711078,-2.987964,10.668563,0.268151,4.1707,3994984
-9.095572,-0.682347,-2.753332,10.651803,0.143652,3.734955,3994990
-9.179369,-0.397437,-2.363077,10.694899,0.016759,3.102885,3994997
-9.330204,-0.181959,-1.489193,10.675745,-0.093374,2.181118,3995003
-9.528923,0.234632,-0.28491,10.532093,-0.225055,1.192312,3995009
-9.634268,0.529119,0.584185,10.357317,-0.320823,0.392649,3995016
-9.639056,0.770933,1.391031,10.263943,-0.481235,-0.483629,3995022
-9.569624,0.890643,2.104503,10.16578,-0.526724,-1.058237,3995029
-9.481039,0.993594,2.243367,10.149021,-0.519542,-1.42455,3995035
-9.399636,0.948104,2.439692,10.086772,-0.459687,-1.242591,3995041
-9.40203,0.715866,2.027889,10.06283,-0.299275,-0.703895,3995048
-9.334992,0.418985,1.479617,10.163386,-0.21069,0.007183,3995054
-9.224859,0.088585,0.545878,10.271125,0.002394,0.732626,3995061
-9.131485,-0.220267,-0.318429,10.335769,0.177171,1.678335,3995067
-8.973468,-0.45011,-1.319205,10.34774,0.203507,2.607286,3995074
-8.985439,-0.591368,-1.869871,10.548853,0.222661,3.260903,3995080
-9.064447,-0.617704,-2.396596,10.565612,0.251391,3.689465,3995087
-9.165004,-0.591368,-2.487576,10.642226,0.136469,3.667917,3995093
-9.23683,-0.45011,-2.355895,10.658986,0.011971,3.241749,3995099
-9.313444,-0.248997,-2.06859,10.680533,-0.04549,2.738967,3995106
-9.49301,0.009577,-1.247379,10.654198,-0.169988,1.982399,3995112
-9.61272,0.301669,-0.220267,10.673351,-0.387861,1.209072,3995119
-9.677363,0.557849,0.512359,10.493786,-0.371101,0.440533,3995125
-9.67018,0.730232,0.964863,10.383653,-0.45011,-0.299275,3995131
-9.588778,0.866701,1.529895,10.247183,-0.507571,-0.730232,3995138
-9.416395,0.818817,1.946486,10.160992,-0.466869,-0.909797,3995144
-9.406818,0.739808,1.944092,10.16578,-0.385466,-0.653617,3995150
-9.299079,0.435745,1.683124,10.170568,-0.21069,-0.311246,3995157
-9.155427,0.222661,1.010353,10.127473,-0.100556,0.184354,3995164
-9.105149,-0.016759,0.40462,10.201694,0.052672,0.893037,3995170
-9.030929,-0.246603,-0.31364,10.192117,0.134075,1.70946,3995177
-8.961497,-0.42138,-1.04866,10.34774,0.227449,2.425326,3995183
-9.076419,-0.502782,-1.556231,10.43872,0.23942,2.995146,3995189
-9.181764,-0.486023,-1.987187,10.469844,0.215478,3.189077,3995196
-9.229648,-0.354342,-2.133234,10.594342,0.131681,3.112462,3995202
-9.301474,-0.229843,-2.013524,10.613496,-0.002394,2.89459,3995209
-9.461885,-0.052672,-1.599327,10.66138,-0.117316,2.451663,3995215
-9.555259,0.083797,-0.916979,10.711658,-0.251391,1.877054,3995221
-9.698911,0.426168,-0.177171,10.668563,-0.272939,1.35033,3995228
-9.682152,0.565032,0.246603,10.477027,-0.349553,0.462081,3995234
-9.662998,0.675165,0.770933,10.436325,-0.409408,0.038307,3995240
-9.533711,0.691924,1.254562,10.213664,-0.395043,-0.263362,3995247
-9.3733,0.648829,1.520318,10.249578,-0.325611,-0.407014,3995254
-9.232041,0.442927,1.651999,10.168175,-0.296881,-0.380678,3995260
-9.16261,0.308852,1.414973,10.218452,-0.134075,-0.023942,3995266
-9.057265,0.146046,0.766145,10.21127,-0.019154,0.292093,3995273
-8.999804,-0.088585,0.189142,10.16578,-0.016759,0.830788,3995279
-8.956709,-0.241814,-0.205901,10.184934,0.093374,1.63524,3995285
-8.947132,-0.371101,-0.749385,10.290278,0.143652,2.193089,3995292
-9.095572,-0.387861,-1.328782,10.386047,0.160412,2.540248,3995298
-9.176975,-0.371101,-1.671153,10.426748,0.143652,2.822764,3995305
-9.31105,-0.153229,-1.766921,10.579977,0.069432,2.738967,3995311
-9.406818,-0.040701,-1.556231,10.644621,-0.031125,2.679112,3995317
-9.593566,0.09098,-1.173159,10.639832,-0.100556,2.379837,3995324
-9.581595,0.177171,-0.818817,10.632649,-0.23942,1.721431,3995330
-9.579201,0.414197,-0.351948,10.627861,-0.363919,1.285686,3995337
-9.674969,0.581791,0.031125,10.599131,-0.351948,0.651223,3995343
-9.583989,0.555455,0.600945,10.436325,-0.3304,0.270545,3995349
-9.500193,0.610521,1.11091,10.295067,-0.37589,0.160412,3995356
-9.337387,0.407014,1.209072,10.21127,-0.323217,-0.076614,3995363
-9.153033,0.222661,1.197101,10.180145,-0.146046,-0.126893,3995369
-9.057265,0.172383,0.916979,10.113108,-0.088585,0.093374,3995376
-9.006987,0.002394,0.577003,10.168175,0.004788,0.584185,3995382
-8.973468,-0.186748,0.270545,10.237606,0.062249,1.007959,3995389
-8.963891,-0.304064,-0.196325,10.299856,0.083797,1.628057,3995395
-9.023746,-0.323217,-0.811634,10.290278,0.153229,1.999158,3995401
-9.141062,-0.328006,-1.177947,10.383653,0.141258,2.272097,3995408
-9.294291,-0.167594,-1.462857,10.503363,0.062249,2.5187,3995414
-9.457097,-0.062249,-1.448492,10.591949,0.026336,2.523489,3995421
-9.569624,0.076614,-1.276109,10.608707,-0.124498,2.413355,3995427
-9.643845,0.23942,-0.962469,10.635044,-0.201113,2.094927,3995433
-9.634268,0.258574,-0.792481,10.685322,-0.25618,1.608904,3995440
-9.667787,0.332794,-0.318429,10.577583,-0.320823,1.086968,3995446
-9.639056,0.514753,0.095768,10.529699,-0.344765,0.861913,3995453
-9.569624,0.466869,0.54109,10.424355,-0.335188,0.608127,3995459
-9.390059,0.373495,0.804452,10.25676,-0.31364,0.148441,3995466
-9.203311,0.316035,0.979228,10.177752,-0.275333,0.09098,3995473
-8.99741,0.110133,0.857124,10.158598,-0.189142,0.174777,3995479
-8.999804,0.02873,0.670376,10.141838,-0.093374,0.294487,3995485
-8.99741,-0.050278,0.52433,10.249578,-0.009577,0.761356,3995492
-8.959103,-0.184354,0.124498,10.244789,0.059855,1.098939,3995498
-9.011775,-0.174777,-0.289698,10.180145,0.038307,1.441309,3995505
-9.105149,-0.234632,-0.718261,10.299856,0.122104,1.82917,3995511
-9.165004,-0.141258,-1.063026,10.433931,0.047884,2.15957,3995517
-9.390059,-0.02873,-1.165976,10.436325,0.069432,2.27928,3995524
-9.564836,0.062249,-1.086968,10.596737,-0.043096,2.27928,3995530
-9.662998,0.174777,-1.09415,10.620679,-0.162806,2.1883,3995537
-9.679757,0.308852,-0.881066,10.66138,-0.174777,1.833959,3995543
-9.655815,0.294487,-0.646434,10.673351,-0.299275,1.414973,3995549
-9.624691,0.428562,-0.153229,10.618284,-0.349553,1.244985,3995556
-9.600749,0.411803,0.112527,10.496181,-0.395043,0.830788,3995562
-9.464279,0.397437,0.52433,10.465055,-0.25618,0.54109,3995569
-9.255983,0.268151,0.636858,10.314221,-0.280122,0.335188,3995575
-9.119514,0.237026,0.720655,10.223241,-0.143652,0.23942,3995582
-9.078813,0.031125,0.715866,10.19451,-0.126893,0.318429,3995588
-8.959103,0.0,0.610521,10.089166,-0.021548,0.588974,3995594
-9.004593,-0.105345,0.40462,10.13705,-0.007183,0.940921,3995601
-8.992621,-0.158017,0.009577,10.168175,0.079009,1.199495,3995607
-9.002198,-0.246603,-0.37589,10.254366,0.112527,1.47004,3995613
-9.100361,-0.105345,-0.6608,10.333375,0.071826,1.84593,3995620
-9.306262,-0.050278,-0.840365,10.359711,0.033519,2.063802,3995626
-9.452309,0.069432,-0.957681,10.488997,-0.011971,2.164358,3995632
-9.552865,0.189142,-0.931344,10.579977,-0.098162,2.15957,3995639
-9.593566,0.277727,-1.043872,10.649409,-0.177171,1.865083,3995645
-9.684546,0.361524,-0.756568,10.620679,-0.203507,1.728614,3995652
-9.631873,0.378284,-0.435745,10.654198,-0.270545,1.51553,3995658
-9.545682,0.402226,-0.114922,10.539276,-0.225055,1.302446,3995664
-9.524135,0.361524,0.203507,10.441113,-0.237026,0.871489,3995671
-9.323022,0.270545,0.371101,10.417171,-0.282516,0.531513,3995677
-9.16261,0.222661,0.435745,10.266336,-0.1652,0.529119,3995684
-9.074024,0.105345,0.577003,10.208876,-0.07422,0.517148,3995690
-8.971074,-0.079009,0.667982,10.242394,-0.071826,0.636858,3995697
-8.959103,-0.131681,0.395043,10.237606,-0.052672,0.782904,3995703
-8.951921,-0.174777,0.189142,10.216059,0.0,0.885855,3995709
-9.01417,-0.095768,-0.122104,10.235212,-0.02873,1.228225,3995716
-9.109938,-0.019154,-0.289698,10.261548,0.050278,1.47004,3995722
-9.241618,-0.009577,-0.553061,10.376471,-0.023942,1.793257,3995729
-9.361329,0.117316,-0.665588,10.443508,-0.026336,1.912967,3995735
-9.445126,0.129287,-0.814029,10.479421,-0.055067,1.84593,3995741
-9.572019,0.241814,-0.909797,10.613496,-0.100556,2.051831,3995748
-9.662998,0.399832,-0.833182,10.546458,-0.227449,1.886631,3995754
-9.643845,0.347159,-0.514753,10.599131,-0.227449,1.668759,3995761
-9.572019,0.308852,-0.351948,10.603919,-0.287304,1.446098,3995767
-9.524135,0.323217,-0.153229,10.548853,-0.270545,1.216254,3995774
-9.406818,0.237026,0.11971,10.453085,-0.248997,0.864307,3995780
-9.294291,0.167594,0.129287,10.364499,-0.198719,0.699107,3995786
-9.090784,0.04549,0.440533,10.323798,-0.203507,0.641646,3995793
-9.057265,0.057461,0.536301,10.21127,-0.102951,0.68953,3995799
-8.92319,-0.083797,0.399832,10.103531,-0.050278,0.627281,3995805
-8.959103,-0.069432,0.181959,10.21127,-0.04549,0.90022,3995812
-9.030929,-0.105345,0.110133,10.235212,-0.004788,1.022324,3995818
-9.0429,-0.07422,-0.057461,10.321404,0.009577,1.302446,3995824
-9.215282,-0.011971,-0.304064,10.259154,0.059855,1.563414,3995831
-9.351752,-0.007183,-0.538695,10.414778,-0.019154,1.668759,3995837
-9.495404,0.220267,-0.672771,10.512939,-0.059855,1.795651,3995844
-9.548077,0.21069,-0.773327,10.577583,-0.105345,1.879448,3995850
-9.574412,0.268151,-0.766145,10.524911,-0.155623,1.824382,3995856
-9.610326,0.37589,-0.579397,10.625467,-0.227449,1.764527,3995863
-9.622296,0.351948,-0.509965,10.572795,-0.263362,1.537078,3995869
-9.483433,0.225055,-0.361524,10.498574,-0.287304,1.211466,3995876
-9.440337,0.25618,-0.112527,10.565612,-0.237026,1.084573,3995882
-9.342175,0.205901,0.150835,10.362105,-0.217872,0.940921,3995889
-9.208099,0.100556,0.265756,10.374076,-0.124498,0.830788,3995895
-9.11712,0.007183,0.347159,10.228029,-0.143652,0.730232,3995902
-8.987833,-0.050278,0.25618,10.216059,-0.086191,0.658405,3995908
-8.954314,-0.098162,0.196325,10.225636,-0.031125,0.739808,3995914
-9.102755,-0.07422,0.126893,10.230424,0.004788,1.06542,3995921
-9.074024,-0.07422,0.038307,10.261548,0.002394,1.149217,3995927
-9.143456,-0.033519,-0.129287,10.297462,0.011971,1.321599,3995934
-9.330204,0.040701,-0.349553,10.34774,-0.081403,1.417367,3995940
-9.41879,0.198719,-0.531513,10.383653,-0.09098,1.625663,3995946
-9.528923,0.248997,-0.627281,10.484209,-0.105345,1.771709,3995953
-9.617508,0.347159,-0.553061,10.615891,-0.088585,1.75495,3995959
-9.629479,0.385466,-0.509965,10.579977,-0.172383,1.654393,3995966
-9.631873,0.347159,-0.45011,10.58716,-0.196325,1.563414,3995972
-9.502586,0.265756,-0.344765,10.563218,-0.28491,1.458069,3995978
